Session,Trial,State,Action,Start
1,1,2,3,2
1,1,1,2,2
1,1,6,1,2
1,1,20,2,2
1,1,30,3,2
1,1,29,2,2
1,1,13,3,2
1,1,14,2,2
1,1,19,0,2
1,1,18,1,2
1,1,32,3,2
1,1,31,2,2
1,1,17,1,2
1,1,5,0,2
1,1,8,2,2
1,1,24,1,2
1,1,28,3,2
1,1,27,1,2
1,1,15,3,2
1,1,16,2,2
1,1,28,3,2
1,1,27,2,2
1,1,23,0,2
1,1,22,1,2
1,1,11,3,2
1,1,12,1,2
1,1,26,3,4
1,-1,25,1,4
1,-1,21,0,4
1,-1,24,1,4
1,-1,28,3,4
1,-1,27,1,4
1,-1,15,2,4
1,-1,3,3,4
1,2,4,3,4
1,2,3,2,4
1,2,8,1,4
1,2,22,2,4
1,2,26,3,4
1,-2,25,2,4
1,-2,11,0,4
1,-2,10,2,4
1,-2,32,3,4
1,-2,31,2,4
1,-2,17,0,4
1,-2,20,2,4
1,-2,30,3,4
1,-2,29,2,4
1,-2,13,1,4
1,-2,3,3,4
1,3,4,3,4
1,3,3,1,4
1,3,6,2,4
1,3,18,1,4
1,3,32,3,4
1,3,31,2,4
1,3,17,0,4
1,3,20,2,4
1,3,30,3,4
1,3,29,2,4
1,3,13,3,4
1,3,14,2,4
1,3,19,0,4
1,3,18,1,4
1,3,32,3,4
1,3,31,1,4
1,3,9,3,4
1,3,10,2,4
1,3,32,3,4
1,3,31,2,4
1,3,17,0,4
1,3,20,2,4
1,3,30,3,4
1,3,29,1,4
1,3,19,0,4
1,3,18,1,4
1,3,32,3,4
1,3,31,2,4
1,3,17,1,4
1,3,5,0,4
1,3,8,2,4
1,3,24,1,4
1,3,28,3,4
1,3,27,2,4
1,3,23,1,4
1,3,7,0,4
1,3,6,1,4
1,3,20,2,4
1,3,30,3,4
1,3,29,1,4
1,3,19,2,4
1,3,5,0,4
1,3,8,1,4
1,3,22,2,4
1,3,26,3,2
1,-3,25,2,2
1,-3,11,1,2
1,-3,1,3,2
1,4,2,3,2
1,4,1,2,2
1,4,6,1,2
1,4,20,2,2
1,4,30,3,2
1,4,29,1,2
1,4,19,0,2
1,4,18,1,2
1,4,32,3,2
1,4,31,1,2
1,4,9,3,2
1,4,10,1,2
1,4,17,0,2
1,4,20,2,2
1,4,30,3,2
1,4,29,1,2
1,4,19,0,2
1,4,18,1,2
1,4,32,3,2
1,4,31,2,2
1,4,17,1,2
1,4,5,0,2
1,4,8,1,2
1,4,22,2,2
1,4,26,3,2
1,-4,25,2,2
1,-4,11,1,2
1,-4,1,3,2
1,5,2,3,2
1,5,1,2,2
1,5,6,1,2
1,5,20,2,2
1,5,30,3,2
1,5,29,2,2
1,5,13,3,2
1,5,14,1,2
1,5,30,3,2
1,5,29,1,2
1,5,19,0,2
1,5,18,2,2
1,5,9,3,2
1,5,10,2,2
1,5,32,3,2
1,5,31,2,2
1,5,17,0,2
1,5,20,2,2
1,5,30,3,2
1,5,29,2,2
1,5,13,3,2
1,5,14,1,2
1,5,30,3,2
1,5,29,2,2
1,5,13,3,2
1,5,14,1,2
1,5,30,3,2
1,5,29,1,2
1,5,19,0,2
1,5,18,1,2
1,5,32,3,2
1,5,31,1,2
1,5,9,3,2
1,5,10,2,2
1,5,32,3,2
1,5,31,2,2
1,5,17,0,2
1,5,20,2,2
1,5,30,3,2
1,5,29,1,2
1,5,19,0,2
1,5,18,1,2
1,5,32,3,2
1,5,31,1,2
1,5,9,3,2
1,5,10,2,2
1,5,32,3,2
1,5,31,1,2
1,5,9,3,2
1,5,10,2,2
1,5,32,3,2
1,5,31,2,2
1,5,17,3,2
1,5,18,1,2
1,5,32,3,2
1,5,31,2,2
1,5,17,0,2
1,5,20,1,2
1,5,13,3,2
1,5,14,1,2
1,5,30,3,2
1,5,29,1,2
1,5,19,2,2
1,5,5,1,2
1,5,2,3,2
1,5,1,2,2
1,5,6,2,2
1,5,18,3,2
1,5,17,0,2
1,5,20,2,2
1,5,30,3,2
1,5,29,2,2
1,5,13,3,2
1,5,14,2,2
1,5,19,3,2
1,5,20,2,2
1,5,30,3,2
1,5,29,2,2
1,5,13,3,2
1,5,14,1,2
1,5,30,3,2
1,5,29,1,2
1,5,19,2,2
1,5,5,0,2
1,5,8,2,2
1,5,24,1,2
1,5,28,3,2
1,5,27,1,2
1,5,15,3,2
1,5,16,1,2
1,5,23,0,2
1,5,22,2,2
1,5,26,3,4
1,-5,25,1,4
1,-5,21,0,4
1,-5,24,1,4
1,-5,28,3,4
1,-5,27,1,4
1,-5,15,2,4
1,-5,3,3,4
1,6,4,3,4
1,6,3,1,4
1,6,6,2,4
1,6,18,1,4
1,6,32,3,4
1,6,31,2,4
1,6,17,0,4
1,6,20,2,4
1,6,30,3,4
1,6,29,2,4
1,6,13,3,4
1,6,14,1,4
1,6,30,3,4
1,6,29,1,4
1,6,19,0,4
1,6,18,1,4
1,6,32,3,4
1,6,31,2,4
1,6,17,0,4
1,6,20,2,4
1,6,30,3,4
1,6,29,2,4
1,6,13,3,4
1,6,14,2,4
1,6,19,0,4
1,6,18,1,4
1,6,32,3,4
1,6,31,1,4
1,6,9,3,4
1,6,10,2,4
1,6,32,3,4
1,6,31,2,4
1,6,17,1,4
1,6,5,2,4
1,6,4,3,4
1,6,3,2,4
1,6,8,1,4
1,6,22,2,4
1,6,26,3,2
1,-6,25,1,2
1,-6,21,3,2
1,-6,22,2,2
1,-6,26,3,2
1,-6,25,2,2
1,-6,11,1,2
1,-6,1,3,2
1,7,2,3,2
1,7,1,1,2
1,7,8,2,2
1,7,24,1,2
1,7,28,3,2
1,7,27,1,2
1,7,15,3,2
1,7,16,2,2
1,7,28,3,2
1,7,27,1,2
1,7,15,3,2
1,7,16,2,2
1,7,28,3,2
1,7,27,2,2
1,7,23,0,2
1,7,22,2,2
1,7,26,3,4
1,-7,25,1,4
1,-7,21,0,4
1,-7,24,1,4
1,-7,28,3,4
1,-7,27,2,4
1,-7,23,3,4
1,-7,24,2,4
1,-7,15,3,4
1,-7,16,2,4
1,-7,28,3,4
1,-7,27,2,4
1,-7,23,3,4
1,-7,24,1,4
1,-7,28,3,4
1,-7,27,1,4
1,-7,15,2,4
1,-7,3,3,4
1,8,4,3,4
1,8,3,2,4
1,8,8,1,4
1,8,22,2,4
1,8,26,3,4
1,-8,25,2,4
1,-8,11,0,4
1,-8,10,2,4
1,-8,32,3,4
1,-8,31,2,4
1,-8,17,0,4
1,-8,20,2,4
1,-8,30,3,4
1,-8,29,2,4
1,-8,13,1,4
1,-8,3,3,4
1,9,4,3,4
1,9,3,2,4
1,9,8,1,4
1,9,22,2,4
1,9,26,3,4
1,-9,25,1,4
1,-9,21,0,4
1,-9,24,1,4
1,-9,28,3,4
1,-9,27,1,4
1,-9,15,2,4
1,-9,3,3,4
1,10,4,3,4
1,10,3,2,4
1,10,8,1,4
1,10,22,2,4
1,10,26,3,2
1,-10,25,1,2
1,-10,21,3,2
1,-10,22,2,2
1,-10,26,3,2
1,-10,25,2,2
1,-10,11,1,2
1,-10,1,3,2
1,11,2,3,2
1,11,1,2,2
1,11,6,2,2
1,11,18,1,2
1,11,32,3,2
1,11,31,1,2
1,11,9,3,2
1,11,10,1,2
1,11,17,0,2
1,11,20,2,2
1,11,30,3,2
1,11,29,1,2
1,11,19,0,2
1,11,18,1,2
1,11,32,3,2
1,11,31,1,2
1,11,9,3,2
1,11,10,2,2
1,11,32,3,2
1,11,31,2,2
1,11,17,0,2
1,11,20,2,2
1,11,30,3,2
1,11,29,1,2
1,11,19,2,2
1,11,5,0,2
1,11,8,1,2
1,11,22,2,2
1,11,26,3,2
1,-11,25,1,2
1,-11,21,3,2
1,-11,22,1,2
1,-11,11,1,2
1,-11,1,3,2
1,12,2,3,2
1,12,1,2,2
1,12,6,1,2
1,12,20,2,2
1,12,30,3,2
1,12,29,2,2
1,12,13,3,2
1,12,14,1,2
1,12,30,3,2
1,12,29,1,2
1,12,19,0,2
1,12,18,2,2
1,12,9,3,2
1,12,10,2,2
1,12,32,3,2
1,12,31,2,2
1,12,17,0,2
1,12,20,2,2
1,12,30,3,2
1,12,29,2,2
1,12,13,3,2
1,12,14,1,2
1,12,30,3,2
1,12,29,1,2
1,12,19,0,2
1,12,18,1,2
1,12,32,3,2
1,12,31,1,2
1,12,9,3,2
1,12,10,1,2
1,12,17,0,2
1,12,20,1,2
1,12,13,3,2
1,12,14,2,2
1,12,19,2,2
1,12,5,1,2
1,12,2,3,2
1,12,1,2,2
1,12,6,3,2
1,12,5,0,2
1,12,8,1,2
1,12,22,2,2
1,12,26,3,4
1,-12,25,1,4
1,-12,21,0,4
1,-12,24,1,4
1,-12,28,3,4
1,-12,27,1,4
1,-12,15,2,4
1,-12,3,3,4
1,13,4,3,4
1,13,3,1,4
1,13,6,2,4
1,13,18,1,4
1,13,32,3,4
1,13,31,1,4
1,13,9,3,4
1,13,10,1,4
1,13,17,1,4
1,13,5,0,4
1,13,8,2,4
1,13,24,1,4
1,13,28,3,4
1,13,27,1,4
1,13,15,3,4
1,13,16,1,4
1,13,23,0,4
1,13,22,2,4
1,13,26,3,2
1,-13,25,2,2
1,-13,11,1,2
1,-13,1,3,2
1,14,2,3,2
1,14,1,1,2
1,14,8,2,2
1,14,24,1,2
1,14,28,3,2
1,14,27,2,2
1,14,23,0,2
1,14,22,2,2
1,14,26,3,4
1,-14,25,1,4
1,-14,21,0,4
1,-14,24,1,4
1,-14,28,3,4
1,-14,27,1,4
1,-14,15,2,4
1,-14,3,3,4
1,15,4,3,4
1,15,3,2,4
1,15,8,1,4
1,15,22,2,4
1,15,26,3,2
1,-15,25,2,2
1,-15,11,1,2
1,-15,1,3,2
1,16,2,3,2
1,16,1,1,2
1,16,8,2,2
1,16,24,1,2
1,16,28,3,2
1,16,27,2,2
1,16,23,0,2
1,16,22,2,2
1,16,26,3,2
1,-16,25,1,2
1,-16,21,3,2
1,-16,22,2,2
1,-16,26,3,2
1,-16,25,2,2
1,-16,11,1,2
1,-16,1,3,2
1,17,2,3,2
1,17,1,1,2
1,17,8,1,2
1,17,22,2,2
1,17,26,3,4
1,-17,25,2,4
1,-17,11,0,4
1,-17,10,2,4
1,-17,32,3,4
1,-17,31,2,4
1,-17,17,0,4
1,-17,20,2,4
1,-17,30,3,4
1,-17,29,2,4
1,-17,13,1,4
1,-17,3,3,4
1,18,4,3,4
1,18,3,2,4
1,18,8,1,4
1,18,22,2,4
1,18,26,3,2
1,-18,25,1,2
1,-18,21,3,2
1,-18,22,2,2
1,-18,26,3,2
1,-18,25,2,2
1,-18,11,1,2
1,-18,1,3,2
1,19,2,3,2
1,19,1,2,2
1,19,6,1,2
1,19,20,2,2
1,19,30,3,2
1,19,29,1,2
1,19,19,0,2
1,19,18,2,2
1,19,9,3,2
1,19,10,1,2
1,19,17,0,2
1,19,20,2,2
1,19,30,3,2
1,19,29,2,2
1,19,13,3,2
1,19,14,2,2
1,19,19,2,2
1,19,5,0,2
1,19,8,1,2
1,19,22,2,2
1,19,26,3,4
1,-19,25,2,4
1,-19,11,0,4
1,-19,10,2,4
1,-19,32,3,4
1,-19,31,1,4
1,-19,9,0,4
1,-19,12,1,4
1,-19,26,3,4
1,-19,25,1,4
1,-19,21,0,4
1,-19,24,1,4
1,-19,28,3,4
1,-19,27,1,4
1,-19,15,2,4
1,-19,3,3,4
1,20,4,3,4
1,20,3,2,4
1,20,8,1,4
1,20,22,2,4
1,20,26,3,2
1,-20,25,1,2
1,-20,21,3,2
1,-20,22,1,2
1,-20,11,1,2
1,-20,1,3,2
1,21,2,3,2
1,21,1,2,2
1,21,6,1,2
1,21,20,2,2
1,21,30,3,2
1,21,29,2,2
1,21,13,3,2
1,21,14,1,2
1,21,30,3,2
1,21,29,2,2
1,21,13,3,2
1,21,14,2,2
1,21,19,0,2
1,21,18,3,2
1,21,17,1,2
1,21,5,0,2
1,21,8,1,2
1,21,22,2,2
1,21,26,3,4
1,-21,25,2,4
1,-21,11,0,4
1,-21,10,2,4
1,-21,32,3,4
1,-21,31,2,4
1,-21,17,0,4
1,-21,20,1,4
1,-21,13,1,4
1,-21,3,3,4
1,22,4,3,4
1,22,3,2,4
1,22,8,1,4
1,22,22,2,4
1,22,26,3,2
1,-22,25,1,2
1,-22,21,3,2
1,-22,22,1,2
1,-22,11,1,2
1,-22,1,3,2
1,23,2,3,2
1,23,1,1,2
1,23,8,2,2
1,23,24,1,2
1,23,28,3,2
1,23,27,2,2
1,23,23,0,2
1,23,22,2,2
1,23,26,3,4
1,-23,25,2,4
1,-23,11,0,4
1,-23,10,2,4
1,-23,32,3,4
1,-23,31,1,4
1,-23,9,0,4
1,-23,12,1,4
1,-23,26,3,4
1,-23,25,1,4
1,-23,21,0,4
1,-23,24,1,4
1,-23,28,3,4
1,-23,27,1,4
1,-23,15,2,4
1,-23,3,3,4
1,24,4,3,4
1,24,3,1,4
1,24,6,1,4
1,24,20,2,4
1,24,30,3,4
1,24,29,1,4
1,24,19,2,4
1,24,5,0,4
1,24,8,2,4
1,24,24,1,4
1,24,28,3,4
1,24,27,2,4
1,24,23,0,4
1,24,22,2,4
1,24,26,3,2
1,-24,25,2,2
1,-24,11,1,2
1,-24,1,3,2
1,25,2,3,2
1,25,1,2,2
1,25,6,1,2
1,25,20,2,2
1,25,30,3,2
1,25,29,1,2
1,25,19,0,2
1,25,18,1,2
1,25,32,3,2
1,25,31,2,2
1,25,17,0,2
1,25,20,2,2
1,25,30,3,2
1,25,29,2,2
1,25,13,3,2
1,25,14,2,2
1,25,19,2,2
1,25,5,0,2
1,25,8,1,2
1,25,22,2,2
1,25,26,3,2
1,-25,25,2,2
1,-25,11,1,2
1,-25,1,3,2
1,26,2,3,2
1,26,1,1,2
1,26,8,1,2
1,26,22,2,2
1,26,26,3,4
1,-26,25,1,4
1,-26,21,0,4
1,-26,24,1,4
1,-26,28,3,4
1,-26,27,1,4
1,-26,15,2,4
1,-26,3,3,4
1,27,4,3,4
1,27,3,2,4
1,27,8,1,4
1,27,22,2,4
1,27,26,3,4
1,-27,25,2,4
1,-27,11,0,4
1,-27,10,2,4
1,-27,32,3,4
1,-27,31,2,4
1,-27,17,0,4
1,-27,20,2,4
1,-27,30,3,4
1,-27,29,2,4
1,-27,13,1,4
1,-27,3,3,4
1,28,4,3,4
1,28,3,2,4
1,28,8,1,4
1,28,22,2,4
1,28,26,3,2
1,-28,25,2,2
1,-28,11,3,2
1,-28,12,2,2
1,-28,21,3,2
1,-28,22,2,2
1,-28,26,3,2
1,-28,25,1,2
1,-28,21,3,2
1,-28,22,1,2
1,-28,11,1,2
1,-28,1,3,2
1,29,2,3,2
1,29,1,2,2
1,29,6,1,2
1,29,20,2,2
1,29,30,3,2
1,29,29,1,2
1,29,19,2,2
1,29,5,0,2
1,29,8,1,2
1,29,22,2,2
1,29,26,3,2
1,-29,25,1,2
1,-29,21,3,2
1,-29,22,2,2
1,-29,26,3,2
1,-29,25,2,2
1,-29,11,1,2
1,-29,1,3,2
1,30,2,3,2
1,30,1,2,2
1,30,6,1,2
1,30,20,2,2
1,30,30,3,2
1,30,29,1,2
1,30,19,2,2
1,30,5,0,2
1,30,8,1,2
1,30,22,2,2
1,30,26,3,4
1,-30,25,2,4
1,-30,11,0,4
1,-30,10,1,4
1,-30,17,0,4
1,-30,20,1,4
1,-30,13,1,4
1,-30,3,3,4
1,31,4,3,4
1,31,3,2,4
1,31,8,1,4
1,31,22,2,4
1,31,26,3,4
1,-31,25,1,4
1,-31,21,0,4
1,-31,24,2,4
1,-31,15,3,4
1,-31,16,2,4
1,-31,28,3,4
1,-31,27,2,4
1,-31,23,3,4
1,-31,24,2,4
1,-31,15,2,4
1,-31,3,3,4
1,32,4,3,4
1,32,3,2,4
1,32,8,1,4
1,32,22,2,4
1,32,26,3,4
2,1,4,3,4
2,1,3,2,4
2,1,8,1,4
2,1,22,2,4
2,1,26,3,2
2,-1,25,1,2
2,-1,21,3,2
2,-1,22,2,2
2,-1,26,3,2
2,-1,25,2,2
2,-1,11,1,2
2,-1,1,3,2
2,2,2,3,2
2,2,1,1,2
2,2,8,1,2
2,2,22,2,2
2,2,26,3,4
2,-2,25,1,4
2,-2,21,0,4
2,-2,24,1,4
2,-2,28,3,4
2,-2,27,2,4
2,-2,23,3,4
2,-2,24,1,4
2,-2,28,3,4
2,-2,27,1,4
2,-2,15,2,4
2,-2,3,3,4
2,3,4,3,4
2,3,3,1,4
2,3,6,1,4
2,3,20,2,4
2,3,30,3,4
2,3,29,2,4
2,3,13,3,4
2,3,14,2,4
2,3,19,0,4
2,3,18,1,4
2,3,32,3,4
2,3,31,1,4
2,3,9,3,4
2,3,10,1,4
2,3,17,0,4
2,3,20,2,4
2,3,30,3,4
2,3,29,2,4
2,3,13,3,4
2,3,14,1,4
2,3,30,3,4
2,3,29,1,4
2,3,19,2,4
2,3,5,0,4
2,3,8,1,4
2,3,22,2,4
2,3,26,3,2
2,-3,25,1,2
2,-3,21,3,2
2,-3,22,2,2
2,-3,26,3,2
2,-3,25,1,2
2,-3,21,3,2
2,-3,22,1,2
2,-3,11,1,2
2,-3,1,3,2
2,4,2,3,2
2,4,1,2,2
2,4,6,1,2
2,4,20,2,2
2,4,30,3,2
2,4,29,1,2
2,4,19,0,2
2,4,18,1,2
2,4,32,3,2
2,4,31,1,2
2,4,9,3,2
2,4,10,1,2
2,4,17,0,2
2,4,20,2,2
2,4,30,3,2
2,4,29,1,2
2,4,19,2,2
2,4,5,0,2
2,4,8,1,2
2,4,22,2,2
2,4,26,3,4
2,-4,25,2,4
2,-4,11,0,4
2,-4,10,2,4
2,-4,32,3,4
2,-4,31,1,4
2,-4,9,0,4
2,-4,12,1,4
2,-4,26,3,4
2,-4,25,1,4
2,-4,21,0,4
2,-4,24,1,4
2,-4,28,3,4
2,-4,27,2,4
2,-4,23,3,4
2,-4,24,1,4
2,-4,28,3,4
2,-4,27,1,4
2,-4,15,2,4
2,-4,3,3,4
2,5,4,3,4
2,5,3,2,4
2,5,8,1,4
2,5,22,2,4
2,5,26,3,2
2,-5,25,2,2
2,-5,11,1,2
2,-5,1,3,2
2,6,2,3,2
2,6,1,2,2
2,6,6,1,2
2,6,20,2,2
2,6,30,3,2
2,6,29,1,2
2,6,19,2,2
2,6,5,0,2
2,6,8,1,2
2,6,22,2,2
2,6,26,3,2
2,-6,25,1,2
2,-6,21,3,2
2,-6,22,2,2
2,-6,26,3,2
2,-6,25,1,2
2,-6,21,3,2
2,-6,22,1,2
2,-6,11,1,2
2,-6,1,3,2
2,7,2,3,2
2,7,1,1,2
2,7,8,1,2
2,7,22,2,2
2,7,26,3,4
2,-7,25,1,4
2,-7,21,0,4
2,-7,24,1,4
2,-7,28,3,4
2,-7,27,1,4
2,-7,15,2,4
2,-7,3,3,4
2,8,4,3,4
2,8,3,2,4
2,8,8,1,4
2,8,22,2,4
2,8,26,3,4
2,-8,25,2,4
2,-8,11,0,4
2,-8,10,2,4
2,-8,32,3,4
2,-8,31,2,4
2,-8,17,0,4
2,-8,20,2,4
2,-8,30,3,4
2,-8,29,1,4
2,-8,19,3,4
2,-8,20,2,4
2,-8,30,3,4
2,-8,29,2,4
2,-8,13,1,4
2,-8,3,3,4
2,9,4,3,4
2,9,3,2,4
2,9,8,1,4
2,9,22,2,4
2,9,26,3,2
2,-9,25,1,2
2,-9,21,3,2
2,-9,22,1,2
2,-9,11,1,2
2,-9,1,3,2
2,10,2,3,2
2,10,1,2,2
2,10,6,1,2
2,10,20,2,2
2,10,30,3,2
2,10,29,1,2
2,10,19,2,2
2,10,5,1,2
2,10,2,3,2
2,10,1,1,2
2,10,8,1,2
2,10,22,2,2
2,10,26,3,2
2,-10,25,1,2
2,-10,21,3,2
2,-10,22,2,2
2,-10,26,3,2
2,-10,25,1,2
2,-10,21,3,2
2,-10,22,1,2
2,-10,11,1,2
2,-10,1,3,2
2,11,2,3,2
2,11,1,1,2
2,11,8,1,2
2,11,22,2,2
2,11,26,3,2
2,-11,25,1,2
2,-11,21,3,2
2,-11,22,2,2
2,-11,26,3,2
2,-11,25,2,2
2,-11,11,1,2
2,-11,1,3,2
2,12,2,3,2
2,12,1,2,2
2,12,6,1,2
2,12,20,2,2
2,12,30,3,2
2,12,29,1,2
2,12,19,2,2
2,12,5,1,2
2,12,2,3,2
2,12,1,1,2
2,12,8,1,2
2,12,22,2,2
2,12,26,3,4
2,-12,25,1,4
2,-12,21,0,4
2,-12,24,1,4
2,-12,28,3,4
2,-12,27,1,4
2,-12,15,3,4
2,-12,16,2,4
2,-12,28,3,4
2,-12,27,1,4
2,-12,15,2,4
2,-12,3,3,4
2,13,4,3,4
2,13,3,2,4
2,13,8,1,4
2,13,22,2,4
2,13,26,3,2
2,-13,25,1,2
2,-13,21,3,2
2,-13,22,2,2
2,-13,26,3,2
2,-13,25,1,2
2,-13,21,3,2
2,-13,22,2,2
2,-13,26,3,2
2,-13,25,2,2
2,-13,11,1,2
2,-13,1,3,2
2,14,2,3,2
2,14,1,2,2
2,14,6,1,2
2,14,20,2,2
2,14,30,3,2
2,14,29,1,2
2,14,19,2,2
2,14,5,0,2
2,14,8,1,2
2,14,22,2,2
2,14,26,3,4
2,-14,25,1,4
2,-14,21,0,4
2,-14,24,1,4
2,-14,28,3,4
2,-14,27,1,4
2,-14,15,2,4
2,-14,3,3,4
2,15,4,3,4
2,15,3,2,4
2,15,8,1,4
2,15,22,2,4
2,15,26,3,4
2,-15,25,1,4
2,-15,21,0,4
2,-15,24,1,4
2,-15,28,3,4
2,-15,27,1,4
2,-15,15,2,4
2,-15,3,3,4
2,16,4,3,4
2,16,3,2,4
2,16,8,1,4
2,16,22,2,4
2,16,26,3,2
2,-16,25,1,2
2,-16,21,3,2
2,-16,22,1,2
2,-16,11,1,2
2,-16,1,3,2
2,17,2,3,2
2,17,1,2,2
2,17,6,1,2
2,17,20,2,2
2,17,30,3,2
2,17,29,1,2
2,17,19,2,2
2,17,5,1,2
2,17,2,3,2
2,17,1,2,2
2,17,6,1,2
2,17,20,2,2
2,17,30,3,2
2,17,29,1,2
2,17,19,0,2
2,17,18,1,2
2,17,32,3,2
2,17,31,1,2
2,17,9,3,2
2,17,10,2,2
2,17,32,3,2
2,17,31,2,2
2,17,17,0,2
2,17,20,2,2
2,17,30,3,2
2,17,29,1,2
2,17,19,0,2
2,17,18,1,2
2,17,32,3,2
2,17,31,1,2
2,17,9,3,2
2,17,10,1,2
2,17,17,0,2
2,17,20,2,2
2,17,30,3,2
2,17,29,1,2
2,17,19,2,2
2,17,5,0,2
2,17,8,1,2
2,17,22,2,2
2,17,26,3,4
2,-17,25,1,4
2,-17,21,0,4
2,-17,24,1,4
2,-17,28,3,4
2,-17,27,1,4
2,-17,15,3,4
2,-17,16,2,4
2,-17,28,3,4
2,-17,27,2,4
2,-17,23,3,4
2,-17,24,2,4
2,-17,15,2,4
2,-17,3,3,4
2,18,4,3,4
2,18,3,2,4
2,18,8,1,4
2,18,22,2,4
2,18,26,3,2
2,-18,25,2,2
2,-18,11,1,2
2,-18,1,3,2
2,19,2,3,2
2,19,1,2,2
2,19,6,1,2
2,19,20,2,2
2,19,30,3,2
2,19,29,1,2
2,19,19,2,2
2,19,5,0,2
2,19,8,1,2
2,19,22,2,2
2,19,26,3,2
2,-19,25,1,2
2,-19,21,3,2
2,-19,22,1,2
2,-19,11,1,2
2,-19,1,3,2
2,20,2,3,2
2,20,1,2,2
2,20,6,1,2
2,20,20,2,2
2,20,30,3,2
2,20,29,1,2
2,20,19,2,2
2,20,5,0,2
2,20,8,1,2
2,20,22,2,2
2,20,26,3,4
2,-20,25,1,4
2,-20,21,0,4
2,-20,24,1,4
2,-20,28,3,4
2,-20,27,1,4
2,-20,15,3,4
2,-20,16,2,4
2,-20,28,3,4
2,-20,27,1,4
2,-20,15,3,4
2,-20,16,1,4
2,-20,23,3,4
2,-20,24,2,4
2,-20,15,2,4
2,-20,3,3,4
2,21,4,3,4
2,21,3,2,4
2,21,8,1,4
2,21,22,2,4
2,21,26,3,4
2,-21,25,1,4
2,-21,21,0,4
2,-21,24,1,4
2,-21,28,3,4
2,-21,27,1,4
2,-21,15,3,4
2,-21,16,2,4
2,-21,28,3,4
2,-21,27,2,4
2,-21,23,3,4
2,-21,24,1,4
2,-21,28,3,4
2,-21,27,1,4
2,-21,15,2,4
2,-21,3,3,4
2,22,4,3,4
2,22,3,2,4
2,22,8,1,4
2,22,22,2,4
2,22,26,3,2
2,-22,25,2,2
2,-22,11,1,2
2,-22,1,3,2
2,23,2,3,2
2,23,1,2,2
2,23,6,1,2
2,23,20,2,2
2,23,30,3,2
2,23,29,1,2
2,23,19,0,2
2,23,18,3,2
2,23,17,1,2
2,23,5,0,2
2,23,8,1,2
2,23,22,2,2
2,23,26,3,4
2,-23,25,1,4
2,-23,21,0,4
2,-23,24,1,4
2,-23,28,3,4
2,-23,27,2,4
2,-23,23,3,4
2,-23,24,1,4
2,-23,28,3,4
2,-23,27,1,4
2,-23,15,2,4
2,-23,3,3,4
2,24,4,3,4
2,24,3,2,4
2,24,8,1,4
2,24,22,2,4
2,24,26,3,4
2,-24,25,1,4
2,-24,21,0,4
2,-24,24,2,4
2,-24,15,2,4
2,-24,3,3,4
2,25,4,3,4
2,25,3,2,4
2,25,8,1,4
2,25,22,2,4
2,25,26,3,4
2,-25,25,2,4
2,-25,11,0,4
2,-25,10,2,4
2,-25,32,3,4
2,-25,31,1,4
2,-25,9,0,4
2,-25,12,3,4
2,-25,11,0,4
2,-25,10,2,4
2,-25,32,3,4
2,-25,31,2,4
2,-25,17,0,4
2,-25,20,1,4
2,-25,13,1,4
2,-25,3,3,4
2,26,4,3,4
2,26,3,2,4
2,26,8,1,4
2,26,22,2,4
2,26,26,3,2
2,-26,25,2,2
2,-26,11,1,2
2,-26,1,3,2
2,27,2,3,2
2,27,1,2,2
2,27,6,1,2
2,27,20,2,2
2,27,30,3,2
2,27,29,1,2
2,27,19,0,2
2,27,18,1,2
2,27,32,3,2
2,27,31,1,2
2,27,9,3,2
2,27,10,2,2
2,27,32,3,2
2,27,31,2,2
2,27,17,0,2
2,27,20,2,2
2,27,30,3,2
2,27,29,1,2
2,27,19,0,2
2,27,18,1,2
2,27,32,3,2
2,27,31,1,2
2,27,9,3,2
2,27,10,2,2
2,27,32,3,2
2,27,31,2,2
2,27,17,0,2
2,27,20,2,2
2,27,30,3,2
2,27,29,2,2
2,27,13,3,2
2,27,14,1,2
2,27,30,3,2
2,27,29,1,2
2,27,19,0,2
2,27,18,1,2
2,27,32,3,2
2,27,31,2,2
2,27,17,0,2
2,27,20,2,2
2,27,30,3,2
2,27,29,1,2
2,27,19,2,2
2,27,5,0,2
2,27,8,1,2
2,27,22,2,2
2,27,26,3,2
2,-27,25,1,2
2,-27,21,3,2
2,-27,22,2,2
2,-27,26,3,2
2,-27,25,2,2
2,-27,11,1,2
2,-27,1,3,2
2,28,2,3,2
2,28,1,2,2
2,28,6,1,2
2,28,20,2,2
2,28,30,3,2
2,28,29,1,2
2,28,19,2,2
2,28,5,1,2
2,28,2,3,2
2,28,1,2,2
2,28,6,1,2
2,28,20,2,2
2,28,30,3,2
2,28,29,2,2
2,28,13,3,2
2,28,14,2,2
2,28,19,2,2
2,28,5,1,2
2,28,2,3,2
2,28,1,1,2
2,28,8,1,2
2,28,22,2,2
2,28,26,3,4
2,-28,25,1,4
2,-28,21,0,4
2,-28,24,1,4
2,-28,28,3,4
2,-28,27,2,4
2,-28,23,3,4
2,-28,24,2,4
2,-28,15,2,4
2,-28,3,3,4
2,29,4,3,4
2,29,3,2,4
2,29,8,1,4
2,29,22,2,4
2,29,26,3,2
2,-29,25,2,2
2,-29,11,1,2
2,-29,1,3,2
2,30,2,3,2
2,30,1,2,2
2,30,6,1,2
2,30,20,2,2
2,30,30,3,2
2,30,29,1,2
2,30,19,2,2
2,30,5,1,2
2,30,2,3,2
2,30,1,1,2
2,30,8,1,2
2,30,22,2,2
2,30,26,3,4
2,-30,25,1,4
2,-30,21,3,4
2,-30,22,2,4
2,-30,26,3,4
2,-30,25,2,4
2,-30,11,0,4
2,-30,10,2,4
2,-30,32,3,4
2,-30,31,2,4
2,-30,17,0,4
2,-30,20,1,4
2,-30,13,3,4
2,-30,14,2,4
2,-30,19,3,4
2,-30,20,2,4
2,-30,30,3,4
2,-30,29,1,4
2,-30,19,3,4
2,-30,20,2,4
2,-30,30,3,4
2,-30,29,2,4
2,-30,13,1,4
2,-30,3,3,4
2,31,4,3,4
2,31,3,2,4
2,31,8,1,4
2,31,22,2,4
2,31,26,3,4
3,1,2,3,4
3,1,1,1,4
3,1,8,1,4
3,1,22,2,4
3,1,26,3,2
3,-1,25,2,2
3,-1,11,1,2
3,-1,1,3,2
3,2,2,3,2
3,2,1,2,2
3,2,6,1,2
3,2,20,2,2
3,2,30,3,2
3,2,29,1,2
3,2,19,2,2
3,2,5,0,2
3,2,8,1,2
3,2,22,2,2
3,2,26,3,4
3,-2,25,2,4
3,-2,11,0,4
3,-2,10,2,4
3,-2,32,3,4
3,-2,31,2,4
3,-2,17,0,4
3,-2,20,2,4
3,-2,30,3,4
3,-2,29,2,4
3,-2,13,1,4
3,-2,3,3,4
3,3,4,3,4
3,3,3,2,4
3,3,8,1,4
3,3,22,2,4
3,3,26,3,2
3,-3,25,1,2
3,-3,21,3,2
3,-3,22,1,2
3,-3,11,1,2
3,-3,1,3,2
3,4,2,3,2
3,4,1,2,2
3,4,6,1,2
3,4,20,2,2
3,4,30,3,2
3,4,29,2,2
3,4,13,3,2
3,4,14,2,2
3,4,19,2,2
3,4,5,1,2
3,4,2,3,2
3,4,1,1,2
3,4,8,1,2
3,4,22,2,2
3,4,26,3,4
3,-4,25,1,4
3,-4,21,0,4
3,-4,24,1,4
3,-4,28,3,4
3,-4,27,2,4
3,-4,23,3,4
3,-4,24,1,4
3,-4,28,3,4
3,-4,27,1,4
3,-4,15,2,4
3,-4,3,3,4
3,5,4,3,4
3,5,3,2,4
3,5,8,1,4
3,5,22,2,4
3,5,26,3,2
3,-5,25,2,2
3,-5,11,3,2
3,-5,12,1,2
3,-5,26,3,2
3,-5,25,1,2
3,-5,21,3,2
3,-5,22,2,2
3,-5,26,3,2
3,-5,25,2,2
3,-5,11,1,2
3,-5,1,3,2
3,6,2,3,2
3,6,1,2,2
3,6,6,1,2
3,6,20,2,2
3,6,30,3,2
3,6,29,1,2
3,6,19,2,2
3,6,5,0,2
3,6,8,1,2
3,6,22,2,2
3,6,26,3,4
3,-6,25,1,4
3,-6,21,0,4
3,-6,24,1,4
3,-6,28,3,4
3,-6,27,1,4
3,-6,15,3,4
3,-6,16,2,4
3,-6,28,3,4
3,-6,27,2,4
3,-6,23,3,4
3,-6,24,1,4
3,-6,28,3,4
3,-6,27,1,4
3,-6,15,2,4
3,-6,3,3,4
3,7,4,3,4
3,7,3,2,4
3,7,8,1,4
3,7,22,2,4
3,7,26,3,4
3,-7,25,1,4
3,-7,21,0,4
3,-7,24,1,4
3,-7,28,3,4
3,-7,27,1,4
3,-7,15,3,4
3,-7,16,2,4
3,-7,28,3,4
3,-7,27,2,4
3,-7,23,3,4
3,-7,24,2,4
3,-7,15,3,4
3,-7,16,2,4
3,-7,28,3,4
3,-7,27,2,4
3,-7,23,3,4
3,-7,24,2,4
3,-7,15,3,4
3,-7,16,2,4
3,-7,28,3,4
3,-7,27,2,4
3,-7,23,3,4
3,-7,24,2,4
3,-7,15,2,4
3,-7,3,3,4
3,8,4,3,4
3,8,3,2,4
3,8,8,1,4
3,8,22,2,4
3,8,26,3,2
3,-8,25,2,2
3,-8,11,3,2
3,-8,12,1,2
3,-8,26,3,2
3,-8,25,2,2
3,-8,11,1,2
3,-8,1,3,2
3,9,2,3,2
3,9,1,2,2
3,9,6,1,2
3,9,20,2,2
3,9,30,3,2
3,9,29,1,2
3,9,19,0,2
3,9,18,1,2
3,9,32,3,2
3,9,31,1,2
3,9,9,3,2
3,9,10,2,2
3,9,32,3,2
3,9,31,2,2
3,9,17,0,2
3,9,20,2,2
3,9,30,3,2
3,9,29,2,2
3,9,13,3,2
3,9,14,1,2
3,9,30,3,2
3,9,29,1,2
3,9,19,2,2
3,9,5,0,2
3,9,8,1,2
3,9,22,2,2
3,9,26,3,4
3,-9,25,1,4
3,-9,21,0,4
3,-9,24,1,4
3,-9,28,3,4
3,-9,27,1,4
3,-9,15,2,4
3,-9,3,3,4
3,10,4,3,4
3,10,3,2,4
3,10,8,1,4
3,10,22,2,4
3,10,26,3,4
3,-10,25,1,4
3,-10,21,0,4
3,-10,24,1,4
3,-10,28,3,4
3,-10,27,2,4
3,-10,23,3,4
3,-10,24,1,4
3,-10,28,3,4
3,-10,27,1,4
3,-10,15,3,4
3,-10,16,2,4
3,-10,28,3,4
3,-10,27,2,4
3,-10,23,3,4
3,-10,24,1,4
3,-10,28,3,4
3,-10,27,2,4
3,-10,23,3,4
3,-10,24,2,4
3,-10,15,2,4
3,-10,3,3,4
3,11,4,3,4
3,11,3,2,4
3,11,8,1,4
3,11,22,2,4
3,11,26,3,2
3,-11,25,1,2
3,-11,21,3,2
3,-11,22,1,2
3,-11,11,1,2
3,-11,1,3,2
3,12,2,3,2
3,12,1,2,2
3,12,6,1,2
3,12,20,2,2
3,12,30,3,2
3,12,29,1,2
3,12,19,0,2
3,12,18,1,2
3,12,32,3,2
3,12,31,1,2
3,12,9,3,2
3,12,10,1,2
3,12,17,1,2
3,12,5,0,2
3,12,8,1,2
3,12,22,2,2
3,12,26,3,2
3,-12,25,1,2
3,-12,21,3,2
3,-12,22,2,2
3,-12,26,3,2
3,-12,25,2,2
3,-12,11,1,2
3,-12,1,3,2
3,13,2,3,2
3,13,1,2,2
3,13,6,1,2
3,13,20,2,2
3,13,30,3,2
3,13,29,2,2
3,13,13,3,2
3,13,14,2,2
3,13,19,2,2
3,13,5,0,2
3,13,8,1,2
3,13,22,2,2
3,13,26,3,4
3,-13,25,2,4
3,-13,11,0,4
3,-13,10,2,4
3,-13,32,3,4
3,-13,31,2,4
3,-13,17,0,4
3,-13,20,2,4
3,-13,30,3,4
3,-13,29,2,4
3,-13,13,3,4
3,-13,14,2,4
3,-13,19,3,4
3,-13,20,1,4
3,-13,13,1,4
3,-13,3,3,4
3,14,4,3,4
3,14,3,2,4
3,14,8,1,4
3,14,22,2,4
3,14,26,3,4
3,-14,25,1,4
3,-14,21,0,4
3,-14,24,1,4
3,-14,28,3,4
3,-14,27,1,4
3,-14,15,3,4
3,-14,16,1,4
3,-14,23,3,4
3,-14,24,1,4
3,-14,28,3,4
3,-14,27,1,4
3,-14,15,2,4
3,-14,3,3,4
3,15,4,3,4
3,15,3,2,4
3,15,8,1,4
3,15,22,2,4
3,15,26,3,2
3,-15,25,1,2
3,-15,21,3,2
3,-15,22,2,2
3,-15,26,3,2
3,-15,25,2,2
3,-15,11,1,2
3,-15,1,3,2
3,16,2,3,2
3,16,1,2,2
3,16,6,3,2
3,16,5,0,2
3,16,8,1,2
3,16,22,2,2
3,16,26,3,2
3,-16,25,1,2
3,-16,21,3,2
3,-16,22,2,2
3,-16,26,3,2
3,-16,25,2,2
3,-16,11,1,2
3,-16,1,3,2
3,17,2,3,2
3,17,1,2,2
3,17,6,1,2
3,17,20,2,2
3,17,30,3,2
3,17,29,2,2
3,17,13,3,2
3,17,14,2,2
3,17,19,2,2
3,17,5,0,2
3,17,8,1,2
3,17,22,2,2
3,17,26,3,4
3,-17,25,2,4
3,-17,11,0,4
3,-17,10,2,4
3,-17,32,3,4
3,-17,31,2,4
3,-17,17,0,4
3,-17,20,2,4
3,-17,30,3,4
3,-17,29,1,4
3,-17,19,3,4
3,-17,20,2,4
3,-17,30,3,4
3,-17,29,2,4
3,-17,13,3,4
3,-17,14,1,4
3,-17,30,3,4
3,-17,29,1,4
3,-17,19,3,4
3,-17,20,2,4
3,-17,30,3,4
3,-17,29,2,4
3,-17,13,3,4
3,-17,14,2,4
3,-17,19,3,4
3,-17,20,2,4
3,-17,30,3,4
3,-17,29,2,4
3,-17,13,1,4
3,-17,3,3,4
3,18,4,3,4
3,18,3,2,4
3,18,8,1,4
3,18,22,2,4
3,18,26,3,4
3,-18,25,2,4
3,-18,11,0,4
3,-18,10,2,4
3,-18,32,3,4
3,-18,31,1,4
3,-18,9,0,4
3,-18,12,1,4
3,-18,26,3,4
3,-18,25,1,4
3,-18,21,0,4
3,-18,24,1,4
3,-18,28,3,4
3,-18,27,1,4
3,-18,15,2,4
3,-18,3,3,4
3,19,4,3,4
3,19,3,2,4
3,19,8,1,4
3,19,22,2,4
3,19,26,3,2
3,-19,25,2,2
3,-19,11,3,2
3,-19,12,2,2
3,-19,21,3,2
3,-19,22,2,2
3,-19,26,3,2
3,-19,25,1,2
3,-19,21,3,2
3,-19,22,2,2
3,-19,26,3,2
3,-19,25,2,2
3,-19,11,1,2
3,-19,1,3,2
3,20,2,3,2
3,20,1,2,2
3,20,6,1,2
3,20,20,2,2
3,20,30,3,2
3,20,29,1,2
3,20,19,2,2
3,20,5,0,2
3,20,8,1,2
3,20,22,2,2
3,20,26,3,4
3,-20,25,1,4
3,-20,21,0,4
3,-20,24,1,4
3,-20,28,3,4
3,-20,27,2,4
3,-20,23,3,4
3,-20,24,1,4
3,-20,28,3,4
3,-20,27,2,4
3,-20,23,3,4
3,-20,24,1,4
3,-20,28,3,4
3,-20,27,2,4
3,-20,23,3,4
3,-20,24,2,4
3,-20,15,2,4
3,-20,3,3,4
3,21,4,3,4
3,21,3,2,4
3,21,8,1,4
3,21,22,2,4
3,21,26,3,2
3,-21,25,1,2
3,-21,21,3,2
3,-21,22,2,2
3,-21,26,3,2
3,-21,25,2,2
3,-21,11,1,2
3,-21,1,3,2
3,22,2,3,2
3,22,1,2,2
3,22,6,1,2
3,22,20,2,2
3,22,30,3,2
3,22,29,1,2
3,22,19,2,2
3,22,5,0,2
3,22,8,1,2
3,22,22,2,2
3,22,26,3,2
3,-22,25,2,2
3,-22,11,3,2
3,-22,12,1,2
3,-22,26,3,2
3,-22,25,1,2
3,-22,21,3,2
3,-22,22,2,2
3,-22,26,3,2
3,-22,25,2,2
3,-22,11,3,2
3,-22,12,1,2
3,-22,26,3,2
3,-22,25,2,2
3,-22,11,1,2
3,-22,1,3,2
3,23,2,3,2
3,23,1,2,2
3,23,6,1,2
3,23,20,2,2
3,23,30,3,2
3,23,29,1,2
3,23,19,2,2
3,23,5,0,2
3,23,8,1,2
3,23,22,2,2
3,23,26,3,4
3,-23,25,1,4
3,-23,21,0,4
3,-23,24,2,4
3,-23,15,2,4
3,-23,3,3,4
3,24,4,3,4
3,24,3,2,4
3,24,8,1,4
3,24,22,2,4
3,24,26,3,2
3,-24,25,1,2
3,-24,21,3,2
3,-24,22,2,2
3,-24,26,3,2
3,-24,25,2,2
3,-24,11,3,2
3,-24,12,2,2
3,-24,21,3,2
3,-24,22,2,2
3,-24,26,3,2
3,-24,25,1,2
3,-24,21,3,2
3,-24,22,2,2
3,-24,26,3,2
3,-24,25,2,2
3,-24,11,1,2
3,-24,1,3,2
3,25,2,3,2
3,25,1,2,2
3,25,6,1,2
3,25,20,2,2
3,25,30,3,2
3,25,29,1,2
3,25,19,2,2
3,25,5,0,2
3,25,8,1,2
3,25,22,2,2
3,25,26,3,4
3,-25,25,2,4
3,-25,11,0,4
3,-25,10,2,4
3,-25,32,3,4
3,-25,31,2,4
3,-25,17,0,4
3,-25,20,2,4
3,-25,30,3,4
3,-25,29,1,4
3,-25,19,3,4
3,-25,20,2,4
3,-25,30,3,4
3,-25,29,2,4
3,-25,13,1,4
3,-25,3,3,4
3,26,4,3,4
3,26,3,2,4
3,26,8,1,4
3,26,22,2,4
3,26,26,3,4
3,-26,25,1,4
3,-26,21,0,4
3,-26,24,2,4
3,-26,15,3,4
3,-26,16,2,4
3,-26,28,3,4
3,-26,27,2,4
3,-26,23,3,4
3,-26,24,1,4
3,-26,28,3,4
3,-26,27,2,4
3,-26,23,3,4
3,-26,24,1,4
3,-26,28,3,4
3,-26,27,1,4
3,-26,15,3,4
3,-26,16,2,4
3,-26,28,3,4
3,-26,27,2,4
3,-26,23,3,4
3,-26,24,2,4
3,-26,15,2,4
3,-26,3,3,4
3,27,4,3,4
3,27,3,2,4
3,27,8,1,4
3,27,22,2,4
3,27,26,3,2
3,-27,25,1,2
3,-27,21,3,2
3,-27,22,2,2
3,-27,26,3,2
3,-27,25,2,2
3,-27,11,1,2
3,-27,1,3,2
3,28,2,3,2
3,28,1,2,2
3,28,6,1,2
3,28,20,2,2
3,28,30,3,2
3,28,29,1,2
3,28,19,2,2
3,28,5,0,2
3,28,8,1,2
3,28,22,2,2
3,28,26,3,2
3,-28,25,2,2
3,-28,11,1,2
3,-28,1,3,2
3,29,2,3,2
3,29,1,2,2
3,29,6,1,2
3,29,20,2,2
3,29,30,3,2
3,29,29,1,2
3,29,19,2,2
3,29,5,0,2
3,29,8,1,2
3,29,22,2,2
3,29,26,3,4
3,-29,25,2,4
3,-29,11,0,4
3,-29,10,2,4
3,-29,32,3,4
3,-29,31,1,4
3,-29,9,0,4
3,-29,12,1,4
3,-29,26,3,4
3,-29,25,1,4
3,-29,21,0,4
3,-29,24,2,4
3,-29,15,2,4
3,-29,3,3,4
3,30,4,3,4
3,30,3,2,4
3,30,8,1,4
3,30,22,2,4
3,30,26,3,4
3,-30,25,1,4
3,-30,21,0,4
3,-30,24,2,4
3,-30,15,2,4
3,-30,3,3,4
3,31,4,3,4
3,31,3,2,4
3,31,8,1,4
3,31,22,2,4
3,31,26,3,2
3,-31,25,2,2
3,-31,11,3,2
3,-31,12,2,2
3,-31,21,3,2
3,-31,22,2,2
3,-31,26,3,2
3,-31,25,2,2
3,-31,11,1,2
3,-31,1,3,2
3,32,2,3,2
3,32,1,1,2
3,32,8,1,2
3,32,22,2,2
3,32,26,3,2
4,1,4,3,2
4,1,3,1,2
4,1,6,1,2
4,1,20,2,2
4,1,30,3,2
4,1,29,1,2
4,1,19,0,2
4,1,18,1,2
4,1,32,3,2
4,1,31,1,2
4,1,9,3,2
4,1,10,1,2
4,1,17,0,2
4,1,20,2,2
4,1,30,3,2
4,1,29,1,2
4,1,19,2,2
4,1,5,0,2
4,1,8,1,2
4,1,22,2,2
4,1,26,3,2
4,-1,25,1,2
4,-1,21,3,2
4,-1,22,2,2
4,-1,26,3,2
4,-1,25,1,2
4,-1,21,3,2
4,-1,22,1,2
4,-1,11,1,2
4,-1,1,3,2
4,2,2,3,2
4,2,1,2,2
4,2,6,1,2
4,2,20,2,2
4,2,30,3,2
4,2,29,1,2
4,2,19,2,2
4,2,5,0,2
4,2,8,1,2
4,2,22,2,2
4,2,26,3,2
4,-2,25,2,2
4,-2,11,1,2
4,-2,1,3,2
4,3,2,3,2
4,3,1,2,2
4,3,6,1,2
4,3,20,2,2
4,3,30,3,2
4,3,29,1,2
4,3,19,0,2
4,3,18,1,2
4,3,32,3,2
4,3,31,1,2
4,3,9,3,2
4,3,10,1,2
4,3,17,1,2
4,3,5,0,2
4,3,8,1,2
4,3,22,2,2
4,3,26,3,2
4,-3,25,1,2
4,-3,21,3,2
4,-3,22,1,2
4,-3,11,3,2
4,-3,12,1,2
4,-3,26,3,2
4,-3,25,2,2
4,-3,11,3,2
4,-3,12,2,2
4,-3,21,3,2
4,-3,22,2,2
4,-3,26,3,2
4,-3,25,1,2
4,-3,21,3,2
4,-3,22,2,2
4,-3,26,3,2
4,-3,25,2,2
4,-3,11,1,2
4,-3,1,3,2
4,4,2,3,2
4,4,1,2,2
4,4,6,1,2
4,4,20,2,2
4,4,30,3,2
4,4,29,1,2
4,4,19,2,2
4,4,5,0,2
4,4,8,1,2
4,4,22,2,2
4,4,26,3,4
4,-4,25,1,4
4,-4,21,0,4
4,-4,24,1,4
4,-4,28,3,4
4,-4,27,1,4
4,-4,15,2,4
4,-4,3,3,4
4,5,4,3,4
4,5,3,2,4
4,5,8,1,4
4,5,22,2,4
4,5,26,3,2
4,-5,25,1,2
4,-5,21,3,2
4,-5,22,1,2
4,-5,11,1,2
4,-5,1,3,2
4,6,2,3,2
4,6,1,1,2
4,6,8,1,2
4,6,22,2,2
4,6,26,3,4
4,-6,25,2,4
4,-6,11,0,4
4,-6,10,2,4
4,-6,32,3,4
4,-6,31,2,4
4,-6,17,0,4
4,-6,20,2,4
4,-6,30,3,4
4,-6,29,2,4
4,-6,13,3,4
4,-6,14,1,4
4,-6,30,3,4
4,-6,29,1,4
4,-6,19,3,4
4,-6,20,2,4
4,-6,30,3,4
4,-6,29,2,4
4,-6,13,1,4
4,-6,3,3,4
4,7,4,3,4
4,7,3,1,4
4,7,6,2,4
4,7,18,1,4
4,7,32,3,4
4,7,31,2,4
4,7,17,1,4
4,7,5,2,4
4,7,4,3,4
4,7,3,1,4
4,7,6,1,4
4,7,20,2,4
4,7,30,3,4
4,7,29,1,4
4,7,19,2,4
4,7,5,0,4
4,7,8,1,4
4,7,22,2,4
4,7,26,3,4
4,-7,25,1,4
4,-7,21,0,4
4,-7,24,2,4
4,-7,15,2,4
4,-7,3,3,4
4,8,4,3,4
4,8,3,1,4
4,8,6,2,4
4,8,18,1,4
4,8,32,3,4
4,8,31,1,4
4,8,9,3,4
4,8,10,1,4
4,8,17,0,4
4,8,20,2,4
4,8,30,3,4
4,8,29,1,4
4,8,19,2,4
4,8,5,0,4
4,8,8,1,4
4,8,22,2,4
4,8,26,3,2
4,-8,25,1,2
4,-8,21,3,2
4,-8,22,2,2
4,-8,26,3,2
4,-8,25,2,2
4,-8,11,1,2
4,-8,1,3,2
4,9,2,3,2
4,9,1,2,2
4,9,6,1,2
4,9,20,2,2
4,9,30,3,2
4,9,29,1,2
4,9,19,2,2
4,9,5,0,2
4,9,8,1,2
4,9,22,2,2
4,9,26,3,4
4,-9,25,1,4
4,-9,21,0,4
4,-9,24,2,4
4,-9,15,3,4
4,-9,16,2,4
4,-9,28,3,4
4,-9,27,2,4
4,-9,23,3,4
4,-9,24,2,4
4,-9,15,2,4
4,-9,3,3,4
4,10,4,3,4
4,10,3,2,4
4,10,8,1,4
4,10,22,2,4
4,10,26,3,2
4,-10,25,1,2
4,-10,21,3,2
4,-10,22,1,2
4,-10,11,3,2
4,-10,12,1,2
4,-10,26,3,2
4,-10,25,1,2
4,-10,21,3,2
4,-10,22,1,2
4,-10,11,3,2
4,-10,12,2,2
4,-10,21,3,2
4,-10,22,2,2
4,-10,26,3,2
4,-10,25,2,2
4,-10,11,1,2
4,-10,1,3,2
4,11,2,3,2
4,11,1,1,2
4,11,8,1,2
4,11,22,2,2
4,11,26,3,2
4,-11,25,2,2
4,-11,11,1,2
4,-11,1,3,2
4,12,2,3,2
4,12,1,1,2
4,12,8,1,2
4,12,22,2,2
4,12,26,3,4
4,-12,25,1,4
4,-12,21,0,4
4,-12,24,2,4
4,-12,15,2,4
4,-12,3,3,4
4,13,4,3,4
4,13,3,2,4
4,13,8,1,4
4,13,22,2,4
4,13,26,3,2
4,-13,25,1,2
4,-13,21,3,2
4,-13,22,1,2
4,-13,11,1,2
4,-13,1,3,2
4,14,2,3,2
4,14,1,1,2
4,14,8,1,2
4,14,22,2,2
4,14,26,3,4
4,-14,25,1,4
4,-14,21,0,4
4,-14,24,2,4
4,-14,15,2,4
4,-14,3,3,4
4,15,4,3,4
4,15,3,2,4
4,15,8,1,4
4,15,22,2,4
4,15,26,3,4
4,-15,25,1,4
4,-15,21,0,4
4,-15,24,2,4
4,-15,15,2,4
4,-15,3,3,4
4,16,4,3,4
4,16,3,2,4
4,16,8,1,4
4,16,22,2,4
4,16,26,3,2
4,-16,25,2,2
4,-16,11,1,2
4,-16,1,3,2
4,17,2,3,2
4,17,1,2,2
4,17,6,1,2
4,17,20,2,2
4,17,30,3,2
4,17,29,1,2
4,17,19,0,2
4,17,18,1,2
4,17,32,3,2
4,17,31,1,2
4,17,9,3,2
4,17,10,1,2
4,17,17,1,2
4,17,5,0,2
4,17,8,1,2
4,17,22,2,2
4,17,26,3,4
4,-17,25,1,4
4,-17,21,0,4
4,-17,24,1,4
4,-17,28,3,4
4,-17,27,2,4
4,-17,23,3,4
4,-17,24,2,4
4,-17,15,3,4
4,-17,16,2,4
4,-17,28,3,4
4,-17,27,2,4
4,-17,23,3,4
4,-17,24,2,4
4,-17,15,2,4
4,-17,3,3,4
4,18,4,3,4
4,18,3,2,4
4,18,8,1,4
4,18,22,2,4
4,18,26,3,4
4,-18,25,2,4
4,-18,11,0,4
4,-18,10,2,4
4,-18,32,3,4
4,-18,31,2,4
4,-18,17,0,4
4,-18,20,2,4
4,-18,30,3,4
4,-18,29,1,4
4,-18,19,3,4
4,-18,20,1,4
4,-18,13,1,4
4,-18,3,3,4
4,19,4,3,4
4,19,3,2,4
4,19,8,1,4
4,19,22,2,4
4,19,26,3,2
4,-19,25,1,2
4,-19,21,3,2
4,-19,22,2,2
4,-19,26,3,2
4,-19,25,2,2
4,-19,11,1,2
4,-19,1,3,2
4,20,2,3,2
4,20,1,2,2
4,20,6,1,2
4,20,20,2,2
4,20,30,3,2
4,20,29,1,2
4,20,19,2,2
4,20,5,0,2
4,20,8,1,2
4,20,22,2,2
4,20,26,3,2
4,-20,25,2,2
4,-20,11,1,2
4,-20,1,3,2
4,21,2,3,2
4,21,1,2,2
4,21,6,1,2
4,21,20,2,2
4,21,30,3,2
4,21,29,1,2
4,21,19,2,2
4,21,5,0,2
4,21,8,1,2
4,21,22,2,2
4,21,26,3,4
4,-21,25,1,4
4,-21,21,3,4
4,-21,22,1,4
4,-21,11,0,4
4,-21,10,2,4
4,-21,32,3,4
4,-21,31,2,4
4,-21,17,0,4
4,-21,20,2,4
4,-21,30,3,4
4,-21,29,1,4
4,-21,19,3,4
4,-21,20,2,4
4,-21,30,3,4
4,-21,29,2,4
4,-21,13,1,4
4,-21,3,3,4
4,22,4,3,4
4,22,3,1,4
4,22,6,2,4
4,22,18,1,4
4,22,32,3,4
4,22,31,1,4
4,22,9,3,4
4,22,10,1,4
4,22,17,1,4
4,22,5,0,4
4,22,8,1,4
4,22,22,2,4
4,22,26,3,2
4,-22,25,1,2
4,-22,21,3,2
4,-22,22,1,2
4,-22,11,1,2
4,-22,1,3,2
4,23,2,3,2
4,23,1,1,2
4,23,8,1,2
4,23,22,2,2
4,23,26,3,4
4,-23,25,1,4
4,-23,21,0,4
4,-23,24,1,4
4,-23,28,3,4
4,-23,27,2,4
4,-23,23,3,4
4,-23,24,2,4
4,-23,15,2,4
4,-23,3,3,4
4,24,4,3,4
4,24,3,2,4
4,24,8,1,4
4,24,22,2,4
4,24,26,3,2
4,-24,25,1,2
4,-24,21,3,2
4,-24,22,1,2
4,-24,11,1,2
4,-24,1,3,2
4,25,2,3,2
4,25,1,1,2
4,25,8,1,2
4,25,22,2,2
4,25,26,3,4
4,-25,25,1,4
4,-25,21,0,4
4,-25,24,2,4
4,-25,15,2,4
4,-25,3,3,4
4,26,4,3,4
4,26,3,2,4
4,26,8,1,4
4,26,22,2,4
4,26,26,3,2
4,-26,25,1,2
4,-26,21,3,2
4,-26,22,1,2
4,-26,11,1,2
4,-26,1,3,2
4,27,2,3,2
4,27,1,1,2
4,27,8,1,2
4,27,22,2,2
4,27,26,3,2
4,-27,25,2,2
4,-27,11,3,2
4,-27,12,1,2
4,-27,26,3,2
4,-27,25,1,2
4,-27,21,3,2
4,-27,22,1,2
4,-27,11,1,2
4,-27,1,3,2
4,28,2,3,2
4,28,1,1,2
4,28,8,1,2
4,28,22,2,2
4,28,26,3,4
4,-28,25,2,4
4,-28,11,0,4
4,-28,10,2,4
4,-28,32,3,4
4,-28,31,2,4
4,-28,17,0,4
4,-28,20,2,4
4,-28,30,3,4
4,-28,29,1,4
4,-28,19,3,4
4,-28,20,2,4
4,-28,30,3,4
4,-28,29,2,4
4,-28,13,1,4
4,-28,3,3,4
4,29,4,3,4
4,29,3,1,4
4,29,6,1,4
4,29,20,2,4
4,29,30,3,4
4,29,29,1,4
4,29,19,0,4
4,29,18,1,4
4,29,32,3,4
4,29,31,2,4
4,29,17,1,4
4,29,5,0,4
4,29,8,1,4
4,29,22,2,4
4,29,26,3,4
4,-29,25,2,4
4,-29,11,0,4
4,-29,10,2,4
4,-29,32,3,4
4,-29,31,1,4
4,-29,9,0,4
4,-29,12,2,4
4,-29,21,0,4
4,-29,24,1,4
4,-29,28,3,4
4,-29,27,1,4
4,-29,15,2,4
4,-29,3,3,4
4,30,4,3,4
4,30,3,2,4
4,30,8,1,4
4,30,22,2,4
4,30,26,3,4
4,-30,25,1,4
4,-30,21,0,4
4,-30,24,1,4
4,-30,28,3,4
4,-30,27,1,4
4,-30,15,2,4
4,-30,3,3,4
4,31,4,3,4
4,31,3,2,4
4,31,8,1,4
4,31,22,2,4
4,31,26,3,2
4,-31,25,2,2
4,-31,11,1,2
4,-31,1,3,2
4,32,2,3,2
4,32,1,2,2
4,32,6,1,2
4,32,20,2,2
4,32,30,3,2
4,32,29,1,2
4,32,19,2,2
4,32,5,0,2
4,32,8,1,2
4,32,22,2,2
4,32,26,3,2
5,1,4,3,2
5,1,3,2,2
5,1,8,1,2
5,1,22,2,2
5,1,26,3,2
5,-1,25,1,2
5,-1,21,3,2
5,-1,22,2,2
5,-1,26,3,2
5,-1,25,2,2
5,-1,11,1,2
5,-1,1,3,2
5,2,2,3,2
5,2,1,2,2
5,2,6,2,2
5,2,18,1,2
5,2,32,3,2
5,2,31,1,2
5,2,9,3,2
5,2,10,2,2
5,2,32,3,2
5,2,31,2,2
5,2,17,1,2
5,2,5,0,2
5,2,8,1,2
5,2,22,2,2
5,2,26,3,4
5,-2,25,1,4
5,-2,21,0,4
5,-2,24,1,4
5,-2,28,3,4
5,-2,27,1,4
5,-2,15,2,4
5,-2,3,3,4
5,3,4,3,4
5,3,3,1,4
5,3,6,1,4
5,3,20,2,4
5,3,30,3,4
5,3,29,2,4
5,3,13,3,4
5,3,14,2,4
5,3,19,0,4
5,3,18,1,4
5,3,32,3,4
5,3,31,1,4
5,3,9,3,4
5,3,10,2,4
5,3,32,3,4
5,3,31,2,4
5,3,17,0,4
5,3,20,2,4
5,3,30,3,4
5,3,29,2,4
5,3,13,3,4
5,3,14,2,4
5,3,19,0,4
5,3,18,1,4
5,3,32,3,4
5,3,31,1,4
5,3,9,3,4
5,3,10,2,4
5,3,32,3,4
5,3,31,2,4
5,3,17,0,4
5,3,20,2,4
5,3,30,3,4
5,3,29,2,4
5,3,13,3,4
5,3,14,2,4
5,3,19,2,4
5,3,5,0,4
5,3,8,1,4
5,3,22,2,4
5,3,26,3,2
5,-3,25,1,2
5,-3,21,3,2
5,-3,22,1,2
5,-3,11,1,2
5,-3,1,3,2
5,4,2,3,2
5,4,1,2,2
5,4,6,1,2
5,4,20,2,2
5,4,30,3,2
5,4,29,2,2
5,4,13,3,2
5,4,14,2,2
5,4,19,2,2
5,4,5,0,2
5,4,8,1,2
5,4,22,2,2
5,4,26,3,4
5,-4,25,1,4
5,-4,21,0,4
5,-4,24,1,4
5,-4,28,3,4
5,-4,27,2,4
5,-4,23,3,4
5,-4,24,2,4
5,-4,15,2,4
5,-4,3,3,4
5,5,4,3,4
5,5,3,2,4
5,5,8,1,4
5,5,22,2,4
5,5,26,3,2
5,-5,25,1,2
5,-5,21,3,2
5,-5,22,2,2
5,-5,26,3,2
5,-5,25,2,2
5,-5,11,1,2
5,-5,1,3,2
5,6,2,3,2
5,6,1,2,2
5,6,6,1,2
5,6,20,2,2
5,6,30,3,2
5,6,29,1,2
5,6,19,2,2
5,6,5,0,2
5,6,8,1,2
5,6,22,2,2
5,6,26,3,2
5,-6,25,2,2
5,-6,11,1,2
5,-6,1,3,2
5,7,2,3,2
5,7,1,2,2
5,7,6,1,2
5,7,20,2,2
5,7,30,3,2
5,7,29,1,2
5,7,19,2,2
5,7,5,0,2
5,7,8,1,2
5,7,22,2,2
5,7,26,3,4
5,-7,25,2,4
5,-7,11,0,4
5,-7,10,2,4
5,-7,32,3,4
5,-7,31,2,4
5,-7,17,0,4
5,-7,20,2,4
5,-7,30,3,4
5,-7,29,2,4
5,-7,13,1,4
5,-7,3,3,4
5,8,4,3,4
5,8,3,1,4
5,8,6,1,4
5,8,20,2,4
5,8,30,3,4
5,8,29,1,4
5,8,19,2,4
5,8,5,2,4
5,8,4,3,4
5,8,3,2,4
5,8,8,1,4
5,8,22,2,4
5,8,26,3,4
5,-8,25,2,4
5,-8,11,0,4
5,-8,10,2,4
5,-8,32,3,4
5,-8,31,2,4
5,-8,17,0,4
5,-8,20,2,4
5,-8,30,3,4
5,-8,29,2,4
5,-8,13,1,4
5,-8,3,3,4
5,9,4,3,4
5,9,3,2,4
5,9,8,1,4
5,9,22,2,4
5,9,26,3,2
5,-9,25,1,2
5,-9,21,3,2
5,-9,22,1,2
5,-9,11,1,2
5,-9,1,3,2
5,10,2,3,2
5,10,1,1,2
5,10,8,2,2
5,10,24,1,2
5,10,28,3,2
5,10,27,1,2
5,10,15,3,2
5,10,16,1,2
5,10,23,0,2
5,10,22,2,2
5,10,26,3,4
5,-10,25,2,4
5,-10,11,0,4
5,-10,10,2,4
5,-10,32,3,4
5,-10,31,2,4
5,-10,17,0,4
5,-10,20,2,4
5,-10,30,3,4
5,-10,29,2,4
5,-10,13,1,4
5,-10,3,3,4
5,11,4,3,4
5,11,3,2,4
5,11,8,1,4
5,11,22,2,4
5,11,26,3,2
5,-11,25,1,2
5,-11,21,3,2
5,-11,22,1,2
5,-11,11,3,2
5,-11,12,1,2
5,-11,26,3,2
5,-11,25,1,2
5,-11,21,3,2
5,-11,22,2,2
5,-11,26,3,2
5,-11,25,2,2
5,-11,11,1,2
5,-11,1,3,2
5,12,2,3,2
5,12,1,2,2
5,12,6,1,2
5,12,20,2,2
5,12,30,3,2
5,12,29,1,2
5,12,19,2,2
5,12,5,0,2
5,12,8,1,2
5,12,22,2,2
5,12,26,3,2
5,-12,25,1,2
5,-12,21,3,2
5,-12,22,1,2
5,-12,11,1,2
5,-12,1,3,2
5,13,2,3,2
5,13,1,2,2
5,13,6,2,2
5,13,18,1,2
5,13,32,3,2
5,13,31,1,2
5,13,9,3,2
5,13,10,1,2
5,13,17,0,2
5,13,20,2,2
5,13,30,3,2
5,13,29,1,2
5,13,19,2,2
5,13,5,0,2
5,13,8,1,2
5,13,22,2,2
5,13,26,3,4
5,-13,25,1,4
5,-13,21,0,4
5,-13,24,1,4
5,-13,28,3,4
5,-13,27,2,4
5,-13,23,3,4
5,-13,24,2,4
5,-13,15,2,4
5,-13,3,3,4
5,14,4,3,4
5,14,3,2,4
5,14,8,1,4
5,14,22,2,4
5,14,26,3,4
5,-14,25,2,4
5,-14,11,0,4
5,-14,10,2,4
5,-14,32,3,4
5,-14,31,2,4
5,-14,17,0,4
5,-14,20,2,4
5,-14,30,3,4
5,-14,29,2,4
5,-14,13,3,4
5,-14,14,2,4
5,-14,19,3,4
5,-14,20,2,4
5,-14,30,3,4
5,-14,29,2,4
5,-14,13,1,4
5,-14,3,3,4
5,15,4,3,4
5,15,3,1,4
5,15,6,1,4
5,15,20,2,4
5,15,30,3,4
5,15,29,1,4
5,15,19,2,4
5,15,5,0,4
5,15,8,1,4
5,15,22,2,4
5,15,26,3,2
5,-15,25,1,2
5,-15,21,3,2
5,-15,22,1,2
5,-15,11,1,2
5,-15,1,3,2
5,16,2,3,2
5,16,1,2,2
5,16,6,1,2
5,16,20,2,2
5,16,30,3,2
5,16,29,1,2
5,16,19,0,2
5,16,18,1,2
5,16,32,3,2
5,16,31,1,2
5,16,9,3,2
5,16,10,1,2
5,16,17,0,2
5,16,20,2,2
5,16,30,3,2
5,16,29,2,2
5,16,13,3,2
5,16,14,2,2
5,16,19,2,2
5,16,5,0,2
5,16,8,1,2
5,16,22,2,2
5,16,26,3,4
5,-16,25,1,4
5,-16,21,0,4
5,-16,24,2,4
5,-16,15,3,4
5,-16,16,2,4
5,-16,28,3,4
5,-16,27,2,4
5,-16,23,3,4
5,-16,24,2,4
5,-16,15,2,4
5,-16,3,3,4
5,17,4,3,4
5,17,3,2,4
5,17,8,1,4
5,17,22,2,4
5,17,26,3,2
5,-17,25,1,2
5,-17,21,3,2
5,-17,22,1,2
5,-17,11,3,2
5,-17,12,2,2
5,-17,21,3,2
5,-17,22,2,2
5,-17,26,3,2
5,-17,25,2,2
5,-17,11,1,2
5,-17,1,3,2
5,18,2,3,2
5,18,1,1,2
5,18,8,1,2
5,18,22,2,2
5,18,26,3,4
5,-18,25,1,4
5,-18,21,0,4
5,-18,24,2,4
5,-18,15,3,4
5,-18,16,2,4
5,-18,28,3,4
5,-18,27,2,4
5,-18,23,3,4
5,-18,24,2,4
5,-18,15,3,4
5,-18,16,2,4
5,-18,28,3,4
5,-18,27,2,4
5,-18,23,3,4
5,-18,24,2,4
5,-18,15,2,4
5,-18,3,3,4
5,19,4,3,4
5,19,3,2,4
5,19,8,1,4
5,19,22,2,4
5,19,26,3,4
5,-19,25,1,4
5,-19,21,0,4
5,-19,24,1,4
5,-19,28,3,4
5,-19,27,1,4
5,-19,15,2,4
5,-19,3,3,4
5,20,4,3,4
5,20,3,2,4
5,20,8,1,4
5,20,22,2,4
5,20,26,3,2
5,-20,25,2,2
5,-20,11,3,2
5,-20,12,2,2
5,-20,21,3,2
5,-20,22,2,2
5,-20,26,3,2
5,-20,25,2,2
5,-20,11,1,2
5,-20,1,3,2
5,21,2,3,2
5,21,1,2,2
5,21,6,1,2
5,21,20,2,2
5,21,30,3,2
5,21,29,1,2
5,21,19,0,2
5,21,18,1,2
5,21,32,3,2
5,21,31,1,2
5,21,9,3,2
5,21,10,1,2
5,21,17,1,2
5,21,5,3,2
5,21,6,1,2
5,21,20,2,2
5,21,30,3,2
5,21,29,1,2
5,21,19,2,2
5,21,5,0,2
5,21,8,1,2
5,21,22,2,2
5,21,26,3,2
5,-21,25,2,2
5,-21,11,1,2
5,-21,1,3,2
5,22,2,3,2
5,22,1,2,2
5,22,6,1,2
5,22,20,2,2
5,22,30,3,2
5,22,29,1,2
5,22,19,2,2
5,22,5,0,2
5,22,8,1,2
5,22,22,2,2
5,22,26,3,4
5,-22,25,1,4
5,-22,21,0,4
5,-22,24,1,4
5,-22,28,3,4
5,-22,27,1,4
5,-22,15,3,4
5,-22,16,1,4
5,-22,23,3,4
5,-22,24,2,4
5,-22,15,2,4
5,-22,3,3,4
5,23,4,3,4
5,23,3,2,4
5,23,8,1,4
5,23,22,2,4
5,23,26,3,2
5,-23,25,2,2
5,-23,11,1,2
5,-23,1,3,2
5,24,2,3,2
5,24,1,1,2
5,24,8,1,2
5,24,22,2,2
5,24,26,3,2
5,-24,25,1,2
5,-24,21,3,2
5,-24,22,1,2
5,-24,11,1,2
5,-24,1,3,2
5,25,2,3,2
5,25,1,1,2
5,25,8,1,2
5,25,22,2,2
5,25,26,3,4
5,-25,25,1,4
5,-25,21,0,4
5,-25,24,1,4
5,-25,28,3,4
5,-25,27,2,4
5,-25,23,3,4
5,-25,24,2,4
5,-25,15,2,4
5,-25,3,3,4
5,26,4,3,4
5,26,3,2,4
5,26,8,1,4
5,26,22,2,4
5,26,26,3,4
5,-26,25,2,4
5,-26,11,0,4
5,-26,10,2,4
5,-26,32,3,4
5,-26,31,2,4
5,-26,17,0,4
5,-26,20,2,4
5,-26,30,3,4
5,-26,29,2,4
5,-26,13,1,4
5,-26,3,3,4
5,27,4,3,4
5,27,3,2,4
5,27,8,1,4
5,27,22,2,4
5,27,26,3,2
5,-27,25,1,2
5,-27,21,3,2
5,-27,22,2,2
5,-27,26,3,2
5,-27,25,2,2
5,-27,11,1,2
5,-27,1,3,2
5,28,2,3,2
5,28,1,2,2
5,28,6,1,2
5,28,20,2,2
5,28,30,3,2
5,28,29,1,2
5,28,19,2,2
5,28,5,0,2
5,28,8,1,2
5,28,22,2,2
5,28,26,3,2
5,-28,25,1,2
5,-28,21,3,2
5,-28,22,1,2
5,-28,11,1,2
5,-28,1,3,2
5,29,2,3,2
5,29,1,2,2
5,29,6,1,2
5,29,20,2,2
5,29,30,3,2
5,29,29,1,2
5,29,19,2,2
5,29,5,0,2
5,29,8,1,2
5,29,22,2,2
5,29,26,3,4
5,-29,25,1,4
5,-29,21,0,4
5,-29,24,2,4
5,-29,15,2,4
5,-29,3,3,4
5,30,4,3,4
5,30,3,2,4
5,30,8,1,4
5,30,22,2,4
5,30,26,3,2
5,-30,25,2,2
5,-30,11,1,2
5,-30,1,3,2
5,31,2,3,2
5,31,1,2,2
5,31,6,1,2
5,31,20,2,2
5,31,30,3,2
5,31,29,1,2
5,31,19,2,2
5,31,5,0,2
5,31,8,2,2
5,31,24,1,2
5,31,28,3,2
5,31,27,2,2
5,31,23,0,2
5,31,22,2,2
5,31,26,3,4
5,-31,25,1,4
5,-31,21,0,4
5,-31,24,1,4
5,-31,28,3,4
5,-31,27,2,4
5,-31,23,3,4
5,-31,24,2,4
5,-31,15,2,4
5,-31,3,3,4
5,32,4,3,4
5,32,3,1,4
5,32,6,1,4
5,32,20,2,4
5,32,30,3,4
5,32,29,1,4
5,32,19,0,4
5,32,18,1,4
5,32,32,3,4
5,32,31,1,4
5,32,9,3,4
5,32,10,1,4
5,32,17,0,4
5,32,20,2,4
5,32,30,3,4
5,32,29,2,4
5,32,13,3,4
5,32,14,2,4
5,32,19,2,4
5,32,5,2,4
5,32,4,3,4
5,32,3,1,4
5,32,6,1,4
5,32,20,2,4
5,32,30,3,4
5,32,29,1,4
5,32,19,2,4
5,32,5,2,4
5,32,4,3,4
5,32,3,1,4
5,32,6,1,4
5,32,20,2,4
5,32,30,3,4
5,32,29,2,4
5,32,13,3,4
5,32,14,2,4
5,32,19,2,4
5,32,5,0,4
5,32,8,1,4
5,32,22,2,4
5,32,26,3,4
6,1,2,3,4
6,1,1,1,4
6,1,8,1,4
6,1,22,2,4
6,1,26,3,2
6,-1,25,2,2
6,-1,11,3,2
6,-1,12,2,2
6,-1,21,3,2
6,-1,22,2,2
6,-1,26,3,2
6,-1,25,1,2
6,-1,21,3,2
6,-1,22,1,2
6,-1,11,3,2
6,-1,12,2,2
6,-1,21,3,2
6,-1,22,1,2
6,-1,11,1,2
6,-1,1,3,2
6,2,2,3,2
6,2,1,2,2
6,2,6,1,2
6,2,20,2,2
6,2,30,3,2
6,2,29,1,2
6,2,19,0,2
6,2,18,1,2
6,2,32,3,2
6,2,31,1,2
6,2,9,3,2
6,2,10,1,2
6,2,17,1,2
6,2,5,0,2
6,2,8,1,2
6,2,22,2,2
6,2,26,3,4
6,-2,25,1,4
6,-2,21,0,4
6,-2,24,1,4
6,-2,28,3,4
6,-2,27,1,4
6,-2,15,3,4
6,-2,16,2,4
6,-2,28,3,4
6,-2,27,2,4
6,-2,23,3,4
6,-2,24,1,4
6,-2,28,3,4
6,-2,27,1,4
6,-2,15,2,4
6,-2,3,3,4
6,3,4,3,4
6,3,3,2,4
6,3,8,1,4
6,3,22,2,4
6,3,26,3,4
6,-3,25,2,4
6,-3,11,0,4
6,-3,10,2,4
6,-3,32,3,4
6,-3,31,2,4
6,-3,17,0,4
6,-3,20,2,4
6,-3,30,3,4
6,-3,29,1,4
6,-3,19,3,4
6,-3,20,2,4
6,-3,30,3,4
6,-3,29,2,4
6,-3,13,1,4
6,-3,3,3,4
6,4,4,3,4
6,4,3,2,4
6,4,8,1,4
6,4,22,2,4
6,4,26,3,2
6,-4,25,1,2
6,-4,21,3,2
6,-4,22,1,2
6,-4,11,3,2
6,-4,12,2,2
6,-4,21,3,2
6,-4,22,2,2
6,-4,26,3,2
6,-4,25,2,2
6,-4,11,1,2
6,-4,1,3,2
6,5,2,3,2
6,5,1,2,2
6,5,6,1,2
6,5,20,2,2
6,5,30,3,2
6,5,29,1,2
6,5,19,2,2
6,5,5,0,2
6,5,8,1,2
6,5,22,2,2
6,5,26,3,4
6,-5,25,2,4
6,-5,11,0,4
6,-5,10,2,4
6,-5,32,3,4
6,-5,31,2,4
6,-5,17,0,4
6,-5,20,2,4
6,-5,30,3,4
6,-5,29,2,4
6,-5,13,1,4
6,-5,3,3,4
6,6,4,3,4
6,6,3,2,4
6,6,8,1,4
6,6,22,2,4
6,6,26,3,2
6,-6,25,1,2
6,-6,21,3,2
6,-6,22,2,2
6,-6,26,3,2
6,-6,25,2,2
6,-6,11,1,2
6,-6,1,3,2
6,7,2,3,2
6,7,1,2,2
6,7,6,1,2
6,7,20,2,2
6,7,30,3,2
6,7,29,1,2
6,7,19,2,2
6,7,5,0,2
6,7,8,1,2
6,7,22,2,2
6,7,26,3,4
6,-7,25,1,4
6,-7,21,0,4
6,-7,24,1,4
6,-7,28,3,4
6,-7,27,1,4
6,-7,15,2,4
6,-7,3,3,4
6,8,4,3,4
6,8,3,1,4
6,8,6,1,4
6,8,20,2,4
6,8,30,3,4
6,8,29,1,4
6,8,19,0,4
6,8,18,1,4
6,8,32,3,4
6,8,31,2,4
6,8,17,1,4
6,8,5,0,4
6,8,8,2,4
6,8,24,1,4
6,8,28,3,4
6,8,27,1,4
6,8,15,3,4
6,8,16,1,4
6,8,23,0,4
6,8,22,2,4
6,8,26,3,2
6,-8,25,1,2
6,-8,21,3,2
6,-8,22,1,2
6,-8,11,1,2
6,-8,1,3,2
6,9,2,3,2
6,9,1,2,2
6,9,6,1,2
6,9,20,2,2
6,9,30,3,2
6,9,29,1,2
6,9,19,2,2
6,9,5,0,2
6,9,8,1,2
6,9,22,2,2
6,9,26,3,2
6,-9,25,2,2
6,-9,11,1,2
6,-9,1,3,2
6,10,2,3,2
6,10,1,1,2
6,10,8,1,2
6,10,22,2,2
6,10,26,3,4
6,-10,25,1,4
6,-10,21,0,4
6,-10,24,2,4
6,-10,15,2,4
6,-10,3,3,4
6,11,4,3,4
6,11,3,2,4
6,11,8,1,4
6,11,22,2,4
6,11,26,3,2
6,-11,25,2,2
6,-11,11,1,2
6,-11,1,3,2
6,12,2,3,2
6,12,1,2,2
6,12,6,1,2
6,12,20,2,2
6,12,30,3,2
6,12,29,1,2
6,12,19,2,2
6,12,5,0,2
6,12,8,1,2
6,12,22,2,2
6,12,26,3,4
6,-12,25,2,4
6,-12,11,0,4
6,-12,10,2,4
6,-12,32,3,4
6,-12,31,2,4
6,-12,17,0,4
6,-12,20,2,4
6,-12,30,3,4
6,-12,29,2,4
6,-12,13,1,4
6,-12,3,3,4
6,13,4,3,4
6,13,3,1,4
6,13,6,2,4
6,13,18,1,4
6,13,32,3,4
6,13,31,2,4
6,13,17,0,4
6,13,20,2,4
6,13,30,3,4
6,13,29,2,4
6,13,13,3,4
6,13,14,2,4
6,13,19,2,4
6,13,5,0,4
6,13,8,1,4
6,13,22,2,4
6,13,26,3,2
6,-13,25,1,2
6,-13,21,3,2
6,-13,22,1,2
6,-13,11,1,2
6,-13,1,3,2
6,14,2,3,2
6,14,1,2,2
6,14,6,2,2
6,14,18,1,2
6,14,32,3,2
6,14,31,1,2
6,14,9,3,2
6,14,10,1,2
6,14,17,0,2
6,14,20,2,2
6,14,30,3,2
6,14,29,2,2
6,14,13,3,2
6,14,14,2,2
6,14,19,2,2
6,14,5,0,2
6,14,8,1,2
6,14,22,2,2
6,14,26,3,4
6,-14,25,1,4
6,-14,21,0,4
6,-14,24,1,4
6,-14,28,3,4
6,-14,27,1,4
6,-14,15,2,4
6,-14,3,3,4
6,15,4,3,4
6,15,3,2,4
6,15,8,1,4
6,15,22,2,4
6,15,26,3,4
6,-15,25,2,4
6,-15,11,0,4
6,-15,10,2,4
6,-15,32,3,4
6,-15,31,2,4
6,-15,17,0,4
6,-15,20,2,4
6,-15,30,3,4
6,-15,29,2,4
6,-15,13,1,4
6,-15,3,3,4
6,16,4,3,4
6,16,3,2,4
6,16,8,1,4
6,16,22,2,4
6,16,26,3,4
6,-16,25,1,4
6,-16,21,0,4
6,-16,24,1,4
6,-16,28,3,4
6,-16,27,1,4
6,-16,15,2,4
6,-16,3,3,4
6,17,4,3,4
6,17,3,2,4
6,17,8,1,4
6,17,22,2,4
6,17,26,3,2
6,-17,25,1,2
6,-17,21,3,2
6,-17,22,1,2
6,-17,11,1,2
6,-17,1,3,2
6,18,2,3,2
6,18,1,1,2
6,18,8,1,2
6,18,22,2,2
6,18,26,3,4
6,-18,25,2,4
6,-18,11,0,4
6,-18,10,2,4
6,-18,32,3,4
6,-18,31,2,4
6,-18,17,0,4
6,-18,20,2,4
6,-18,30,3,4
6,-18,29,2,4
6,-18,13,1,4
6,-18,3,3,4
6,19,4,3,4
6,19,3,2,4
6,19,8,1,4
6,19,22,2,4
6,19,26,3,2
6,-19,25,1,2
6,-19,21,3,2
6,-19,22,1,2
6,-19,11,1,2
6,-19,1,3,2
6,20,2,3,2
6,20,1,1,2
6,20,8,1,2
6,20,22,2,2
6,20,26,3,4
6,-20,25,1,4
6,-20,21,0,4
6,-20,24,1,4
6,-20,28,3,4
6,-20,27,1,4
6,-20,15,2,4
6,-20,3,3,4
6,21,4,3,4
6,21,3,2,4
6,21,8,1,4
6,21,22,2,4
6,21,26,3,2
6,-21,25,1,2
6,-21,21,3,2
6,-21,22,2,2
6,-21,26,3,2
6,-21,25,2,2
6,-21,11,1,2
6,-21,1,3,2
6,22,2,3,2
6,22,1,2,2
6,22,6,2,2
6,22,18,1,2
6,22,32,3,2
6,22,31,2,2
6,22,17,0,2
6,22,20,2,2
6,22,30,3,2
6,22,29,1,2
6,22,19,2,2
6,22,5,0,2
6,22,8,1,2
6,22,22,2,2
6,22,26,3,2
6,-22,25,2,2
6,-22,11,1,2
6,-22,1,3,2
6,23,2,3,2
6,23,1,2,2
6,23,6,1,2
6,23,20,2,2
6,23,30,3,2
6,23,29,1,2
6,23,19,2,2
6,23,5,0,2
6,23,8,1,2
6,23,22,2,2
6,23,26,3,4
6,-23,25,2,4
6,-23,11,0,4
6,-23,10,2,4
6,-23,32,3,4
6,-23,31,2,4
6,-23,17,0,4
6,-23,20,2,4
6,-23,30,3,4
6,-23,29,2,4
6,-23,13,1,4
6,-23,3,3,4
6,24,4,3,4
6,24,3,2,4
6,24,8,1,4
6,24,22,2,4
6,24,26,3,2
6,-24,25,2,2
6,-24,11,1,2
6,-24,1,3,2
6,25,2,3,2
6,25,1,2,2
6,25,6,2,2
6,25,18,1,2
6,25,32,3,2
6,25,31,2,2
6,25,17,0,2
6,25,20,2,2
6,25,30,3,2
6,25,29,1,2
6,25,19,2,2
6,25,5,0,2
6,25,8,1,2
6,25,22,2,2
6,25,26,3,4
6,-25,25,1,4
6,-25,21,0,4
6,-25,24,2,4
6,-25,15,2,4
6,-25,3,3,4
6,26,4,3,4
6,26,3,2,4
6,26,8,1,4
6,26,22,2,4
6,26,26,3,2
6,-26,25,1,2
6,-26,21,3,2
6,-26,22,1,2
6,-26,11,1,2
6,-26,1,3,2
6,27,2,3,2
6,27,1,1,2
6,27,8,1,2
6,27,22,2,2
6,27,26,3,4
6,-27,25,1,4
6,-27,21,0,4
6,-27,24,2,4
6,-27,15,2,4
6,-27,3,3,4
6,28,4,3,4
6,28,3,2,4
6,28,8,1,4
6,28,22,2,4
6,28,26,3,2
6,-28,25,1,2
6,-28,21,3,2
6,-28,22,1,2
6,-28,11,1,2
6,-28,1,3,2
6,29,2,3,2
6,29,1,1,2
6,29,8,1,2
6,29,22,2,2
6,29,26,3,4
6,-29,25,2,4
6,-29,11,0,4
6,-29,10,2,4
6,-29,32,3,4
6,-29,31,1,4
6,-29,9,0,4
6,-29,12,1,4
6,-29,26,3,4
6,-29,25,1,4
6,-29,21,0,4
6,-29,24,1,4
6,-29,28,3,4
6,-29,27,2,4
6,-29,23,3,4
6,-29,24,2,4
6,-29,15,2,4
6,-29,3,3,4
6,30,4,3,4
6,30,3,2,4
6,30,8,1,4
6,30,22,2,4
6,30,26,3,2
6,-30,25,1,2
6,-30,21,3,2
6,-30,22,1,2
6,-30,11,1,2
6,-30,1,3,2
6,31,2,3,2
6,31,1,1,2
6,31,8,1,2
6,31,22,2,2
6,31,26,3,4
6,-31,25,1,4
6,-31,21,0,4
6,-31,24,2,4
6,-31,15,2,4
6,-31,3,3,4
6,32,4,3,4
6,32,3,2,4
6,32,8,1,4
6,32,22,2,4
6,32,26,3,4
7,1,2,3,4
7,1,1,1,4
7,1,8,1,4
7,1,22,2,4
7,1,26,3,4
7,-1,25,2,4
7,-1,11,0,4
7,-1,10,2,4
7,-1,32,3,4
7,-1,31,2,4
7,-1,17,0,4
7,-1,20,2,4
7,-1,30,3,4
7,-1,29,2,4
7,-1,13,3,4
7,-1,14,2,4
7,-1,19,3,4
7,-1,20,1,4
7,-1,13,3,4
7,-1,14,2,4
7,-1,19,3,4
7,-1,20,2,4
7,-1,30,3,4
7,-1,29,2,4
7,-1,13,1,4
7,-1,3,3,4
7,2,4,3,4
7,2,3,2,4
7,2,8,1,4
7,2,22,2,4
7,2,26,3,2
7,-2,25,1,2
7,-2,21,3,2
7,-2,22,2,2
7,-2,26,3,2
7,-2,25,2,2
7,-2,11,1,2
7,-2,1,3,2
7,3,2,3,2
7,3,1,1,2
7,3,8,1,2
7,3,22,2,2
7,3,26,3,4
7,-3,25,1,4
7,-3,21,0,4
7,-3,24,1,4
7,-3,28,3,4
7,-3,27,1,4
7,-3,15,2,4
7,-3,3,3,4
7,4,4,3,4
7,4,3,2,4
7,4,8,1,4
7,4,22,2,4
7,4,26,3,4
7,-4,25,2,4
7,-4,11,0,4
7,-4,10,2,4
7,-4,32,3,4
7,-4,31,2,4
7,-4,17,0,4
7,-4,20,2,4
7,-4,30,3,4
7,-4,29,2,4
7,-4,13,1,4
7,-4,3,3,4
7,5,4,3,4
7,5,3,2,4
7,5,8,1,4
7,5,22,2,4
7,5,26,3,2
7,-5,25,1,2
7,-5,21,3,2
7,-5,22,1,2
7,-5,11,1,2
7,-5,1,3,2
7,6,2,3,2
7,6,1,2,2
7,6,6,1,2
7,6,20,2,2
7,6,30,3,2
7,6,29,1,2
7,6,19,2,2
7,6,5,0,2
7,6,8,1,2
7,6,22,2,2
7,6,26,3,2
7,-6,25,1,2
7,-6,21,3,2
7,-6,22,2,2
7,-6,26,3,2
7,-6,25,2,2
7,-6,11,1,2
7,-6,1,3,2
7,7,2,3,2
7,7,1,2,2
7,7,6,2,2
7,7,18,1,2
7,7,32,3,2
7,7,31,1,2
7,7,9,3,2
7,7,10,1,2
7,7,17,0,2
7,7,20,2,2
7,7,30,3,2
7,7,29,1,2
7,7,19,2,2
7,7,5,0,2
7,7,8,1,2
7,7,22,2,2
7,7,26,3,4
7,-7,25,2,4
7,-7,11,0,4
7,-7,10,2,4
7,-7,32,3,4
7,-7,31,2,4
7,-7,17,0,4
7,-7,20,2,4
7,-7,30,3,4
7,-7,29,2,4
7,-7,13,3,4
7,-7,14,2,4
7,-7,19,3,4
7,-7,20,2,4
7,-7,30,3,4
7,-7,29,2,4
7,-7,13,3,4
7,-7,14,2,4
7,-7,19,3,4
7,-7,20,1,4
7,-7,13,1,4
7,-7,3,3,4
7,8,4,3,4
7,8,3,2,4
7,8,8,1,4
7,8,22,2,4
7,8,26,3,4
7,-8,25,2,4
7,-8,11,0,4
7,-8,10,2,4
7,-8,32,3,4
7,-8,31,2,4
7,-8,17,0,4
7,-8,20,2,4
7,-8,30,3,4
7,-8,29,2,4
7,-8,13,1,4
7,-8,3,3,4
7,9,4,3,4
7,9,3,1,4
7,9,6,1,4
7,9,20,2,4
7,9,30,3,4
7,9,29,1,4
7,9,19,2,4
7,9,5,0,4
7,9,8,1,4
7,9,22,2,4
7,9,26,3,2
7,-9,25,1,2
7,-9,21,3,2
7,-9,22,2,2
7,-9,26,3,2
7,-9,25,2,2
7,-9,11,1,2
7,-9,1,3,2
7,10,2,3,2
7,10,1,2,2
7,10,6,2,2
7,10,18,1,2
7,10,32,3,2
7,10,31,2,2
7,10,17,1,2
7,10,5,0,2
7,10,8,1,2
7,10,22,2,2
7,10,26,3,2
7,-10,25,1,2
7,-10,21,3,2
7,-10,22,1,2
7,-10,11,1,2
7,-10,1,3,2
7,11,2,3,2
7,11,1,1,2
7,11,8,1,2
7,11,22,2,2
7,11,26,3,4
7,-11,25,1,4
7,-11,21,0,4
7,-11,24,2,4
7,-11,15,2,4
7,-11,3,3,4
7,12,4,3,4
7,12,3,2,4
7,12,8,1,4
7,12,22,2,4
7,12,26,3,4
7,-12,25,2,4
7,-12,11,0,4
7,-12,10,1,4
7,-12,17,0,4
7,-12,20,2,4
7,-12,30,3,4
7,-12,29,2,4
7,-12,13,1,4
7,-12,3,3,4
7,13,4,3,4
7,13,3,2,4
7,13,8,1,4
7,13,22,2,4
7,13,26,3,4
7,-13,25,2,4
7,-13,11,0,4
7,-13,10,2,4
7,-13,32,3,4
7,-13,31,1,4
7,-13,9,0,4
7,-13,12,1,4
7,-13,26,3,4
7,-13,25,1,4
7,-13,21,0,4
7,-13,24,1,4
7,-13,28,3,4
7,-13,27,1,4
7,-13,15,3,4
7,-13,16,2,4
7,-13,28,3,4
7,-13,27,2,4
7,-13,23,3,4
7,-13,24,1,4
7,-13,28,3,4
7,-13,27,1,4
7,-13,15,2,4
7,-13,3,3,4
7,14,4,3,4
7,14,3,2,4
7,14,8,1,4
7,14,22,2,4
7,14,26,3,2
7,-14,25,2,2
7,-14,11,1,2
7,-14,1,3,2
7,15,2,3,2
7,15,1,1,2
7,15,8,1,2
7,15,22,2,2
7,15,26,3,2
7,-15,25,2,2
7,-15,11,3,2
7,-15,12,2,2
7,-15,21,3,2
7,-15,22,1,2
7,-15,11,3,2
7,-15,12,2,2
7,-15,21,3,2
7,-15,22,2,2
7,-15,26,3,2
7,-15,25,2,2
7,-15,11,1,2
7,-15,1,3,2
7,16,2,3,2
7,16,1,2,2
7,16,6,2,2
7,16,18,1,2
7,16,32,3,2
7,16,31,2,2
7,16,17,0,2
7,16,20,2,2
7,16,30,3,2
7,16,29,1,2
7,16,19,2,2
7,16,5,0,2
7,16,8,1,2
7,16,22,2,2
7,16,26,3,4
7,-16,25,2,4
7,-16,11,3,4
7,-16,12,2,4
7,-16,21,0,4
7,-16,24,1,4
7,-16,28,3,4
7,-16,27,1,4
7,-16,15,3,4
7,-16,16,1,4
7,-16,23,3,4
7,-16,24,1,4
7,-16,28,3,4
7,-16,27,1,4
7,-16,15,3,4
7,-16,16,1,4
7,-16,23,3,4
7,-16,24,1,4
7,-16,28,3,4
7,-16,27,2,4
7,-16,23,3,4
7,-16,24,1,4
7,-16,28,3,4
7,-16,27,2,4
7,-16,23,3,4
7,-16,24,2,4
7,-16,15,3,4
7,-16,16,2,4
7,-16,28,3,4
7,-16,27,2,4
7,-16,23,3,4
7,-16,24,1,4
7,-16,28,3,4
7,-16,27,1,4
7,-16,15,2,4
7,-16,3,3,4
7,17,4,3,4
7,17,3,1,4
7,17,6,1,4
7,17,20,2,4
7,17,30,3,4
7,17,29,1,4
7,17,19,2,4
7,17,5,0,4
7,17,8,1,4
7,17,22,2,4
7,17,26,3,2
7,-17,25,1,2
7,-17,21,3,2
7,-17,22,1,2
7,-17,11,1,2
7,-17,1,3,2
7,18,2,3,2
7,18,1,1,2
7,18,8,1,2
7,18,22,2,2
7,18,26,3,2
7,-18,25,2,2
7,-18,11,3,2
7,-18,12,2,2
7,-18,21,3,2
7,-18,22,2,2
7,-18,26,3,2
7,-18,25,2,2
7,-18,11,1,2
7,-18,1,3,2
7,19,2,3,2
7,19,1,1,2
7,19,8,1,2
7,19,22,2,2
7,19,26,3,4
7,-19,25,1,4
7,-19,21,0,4
7,-19,24,1,4
7,-19,28,3,4
7,-19,27,1,4
7,-19,15,3,4
7,-19,16,2,4
7,-19,28,3,4
7,-19,27,1,4
7,-19,15,2,4
7,-19,3,3,4
7,20,4,3,4
7,20,3,2,4
7,20,8,1,4
7,20,22,2,4
7,20,26,3,2
7,-20,25,1,2
7,-20,21,3,2
7,-20,22,1,2
7,-20,11,1,2
7,-20,1,3,2
7,21,2,3,2
7,21,1,1,2
7,21,8,1,2
7,21,22,2,2
7,21,26,3,4
7,-21,25,1,4
7,-21,21,0,4
7,-21,24,2,4
7,-21,15,2,4
7,-21,3,3,4
7,22,4,3,4
7,22,3,2,4
7,22,8,1,4
7,22,22,2,4
7,22,26,3,2
7,-22,25,1,2
7,-22,21,3,2
7,-22,22,2,2
7,-22,26,3,2
7,-22,25,2,2
7,-22,11,1,2
7,-22,1,3,2
7,23,2,3,2
7,23,1,1,2
7,23,8,1,2
7,23,22,2,2
7,23,26,3,4
7,-23,25,1,4
7,-23,21,0,4
7,-23,24,2,4
7,-23,15,2,4
7,-23,3,3,4
7,24,4,3,4
7,24,3,2,4
7,24,8,1,4
7,24,22,2,4
7,24,26,3,2
7,-24,25,1,2
7,-24,21,3,2
7,-24,22,1,2
7,-24,11,1,2
7,-24,1,3,2
7,25,2,3,2
7,25,1,1,2
7,25,8,1,2
7,25,22,2,2
7,25,26,3,4
7,-25,25,1,4
7,-25,21,0,4
7,-25,24,2,4
7,-25,15,2,4
7,-25,3,3,4
7,26,4,3,4
7,26,3,2,4
7,26,8,1,4
7,26,22,2,4
7,26,26,3,2
7,-26,25,1,2
7,-26,21,3,2
7,-26,22,2,2
7,-26,26,3,2
7,-26,25,2,2
7,-26,11,1,2
7,-26,1,3,2
7,27,2,3,2
7,27,1,1,2
7,27,8,1,2
7,27,22,2,2
7,27,26,3,4
7,-27,25,1,4
7,-27,21,0,4
7,-27,24,1,4
7,-27,28,3,4
7,-27,27,2,4
7,-27,23,3,4
7,-27,24,2,4
7,-27,15,2,4
7,-27,3,3,4
7,28,4,3,4
7,28,3,2,4
7,28,8,1,4
7,28,22,2,4
7,28,26,3,4
7,-28,25,1,4
7,-28,21,0,4
7,-28,24,1,4
7,-28,28,3,4
7,-28,27,1,4
7,-28,15,2,4
7,-28,3,3,4
7,29,4,3,4
7,29,3,2,4
7,29,8,1,4
7,29,22,2,4
7,29,26,3,2
7,-29,25,1,2
7,-29,21,3,2
7,-29,22,2,2
7,-29,26,3,2
7,-29,25,2,2
7,-29,11,1,2
7,-29,1,3,2
7,30,2,3,2
7,30,1,1,2
7,30,8,1,2
7,30,22,2,2
7,30,26,3,2
7,-30,25,1,2
7,-30,21,3,2
7,-30,22,1,2
7,-30,11,1,2
7,-30,1,3,2
7,31,2,3,2
7,31,1,1,2
7,31,8,1,2
7,31,22,2,2
7,31,26,3,4
7,-31,25,2,4
7,-31,11,0,4
7,-31,10,1,4
7,-31,17,0,4
7,-31,20,2,4
7,-31,30,3,4
7,-31,29,1,4
7,-31,19,3,4
7,-31,20,2,4
7,-31,30,3,4
7,-31,29,2,4
7,-31,13,3,4
7,-31,14,2,4
7,-31,19,3,4
7,-31,20,2,4
7,-31,30,3,4
7,-31,29,2,4
7,-31,13,3,4
7,-31,14,2,4
7,-31,19,3,4
7,-31,20,1,4
7,-31,13,1,4
7,-31,3,3,4
7,32,4,3,4
7,32,3,2,4
7,32,8,1,4
7,32,22,2,4
7,32,26,3,4
8,1,4,3,4
8,1,3,2,4
8,1,8,1,4
8,1,22,2,4
8,1,26,3,2
8,-1,25,2,2
8,-1,11,1,2
8,-1,1,3,2
8,2,2,3,2
8,2,1,1,2
8,2,8,1,2
8,2,22,2,2
8,2,26,3,4
8,-2,25,2,4
8,-2,11,0,4
8,-2,10,2,4
8,-2,32,3,4
8,-2,31,2,4
8,-2,17,0,4
8,-2,20,2,4
8,-2,30,3,4
8,-2,29,1,4
8,-2,19,3,4
8,-2,20,2,4
8,-2,30,3,4
8,-2,29,2,4
8,-2,13,1,4
8,-2,3,3,4
8,3,4,3,4
8,3,3,2,4
8,3,8,1,4
8,3,22,2,4
8,3,26,3,2
8,-3,25,2,2
8,-3,11,3,2
8,-3,12,1,2
8,-3,26,3,2
8,-3,25,1,2
8,-3,21,3,2
8,-3,22,2,2
8,-3,26,3,2
8,-3,25,1,2
8,-3,21,3,2
8,-3,22,1,2
8,-3,11,1,2
8,-3,1,3,2
8,4,2,3,2
8,4,1,1,2
8,4,8,1,2
8,4,22,2,2
8,4,26,3,2
8,-4,25,1,2
8,-4,21,3,2
8,-4,22,1,2
8,-4,11,1,2
8,-4,1,3,2
8,5,2,3,2
8,5,1,1,2
8,5,8,1,2
8,5,22,2,2
8,5,26,3,4
8,-5,25,1,4
8,-5,21,0,4
8,-5,24,1,4
8,-5,28,3,4
8,-5,27,2,4
8,-5,23,3,4
8,-5,24,2,4
8,-5,15,2,4
8,-5,3,3,4
8,6,4,3,4
8,6,3,2,4
8,6,8,1,4
8,6,22,2,4
8,6,26,3,2
8,-6,25,2,2
8,-6,11,3,2
8,-6,12,2,2
8,-6,21,3,2
8,-6,22,2,2
8,-6,26,3,2
8,-6,25,2,2
8,-6,11,3,2
8,-6,12,1,2
8,-6,26,3,2
8,-6,25,2,2
8,-6,11,1,2
8,-6,1,3,2
8,7,2,3,2
8,7,1,1,2
8,7,8,1,2
8,7,22,2,2
8,7,26,3,4
8,-7,25,1,4
8,-7,21,0,4
8,-7,24,2,4
8,-7,15,2,4
8,-7,3,3,4
8,8,4,3,4
8,8,3,2,4
8,8,8,1,4
8,8,22,2,4
8,8,26,3,4
8,-8,25,2,4
8,-8,11,0,4
8,-8,10,2,4
8,-8,32,3,4
8,-8,31,2,4
8,-8,17,0,4
8,-8,20,2,4
8,-8,30,3,4
8,-8,29,1,4
8,-8,19,3,4
8,-8,20,2,4
8,-8,30,3,4
8,-8,29,2,4
8,-8,13,1,4
8,-8,3,3,4
8,9,4,3,4
8,9,3,2,4
8,9,8,1,4
8,9,22,2,4
8,9,26,3,2
8,-9,25,2,2
8,-9,11,3,2
8,-9,12,1,2
8,-9,26,3,2
8,-9,25,2,2
8,-9,11,1,2
8,-9,1,3,2
8,10,2,3,2
8,10,1,1,2
8,10,8,1,2
8,10,22,2,2
8,10,26,3,2
8,-10,25,2,2
8,-10,11,1,2
8,-10,1,3,2
8,11,2,3,2
8,11,1,1,2
8,11,8,1,2
8,11,22,2,2
8,11,26,3,4
8,-11,25,1,4
8,-11,21,0,4
8,-11,24,1,4
8,-11,28,3,4
8,-11,27,1,4
8,-11,15,2,4
8,-11,3,3,4
8,12,4,3,4
8,12,3,2,4
8,12,8,1,4
8,12,22,2,4
8,12,26,3,4
8,-12,25,2,4
8,-12,11,0,4
8,-12,10,2,4
8,-12,32,3,4
8,-12,31,2,4
8,-12,17,0,4
8,-12,20,2,4
8,-12,30,3,4
8,-12,29,2,4
8,-12,13,1,4
8,-12,3,3,4
8,13,4,3,4
8,13,3,2,4
8,13,8,1,4
8,13,22,2,4
8,13,26,3,4
8,-13,25,1,4
8,-13,21,0,4
8,-13,24,1,4
8,-13,28,3,4
8,-13,27,1,4
8,-13,15,2,4
8,-13,3,3,4
8,14,4,3,4
8,14,3,1,4
8,14,6,1,4
8,14,20,2,4
8,14,30,3,4
8,14,29,1,4
8,14,19,0,4
8,14,18,1,4
8,14,32,3,4
8,14,31,2,4
8,14,17,0,4
8,14,20,3,4
8,14,19,2,4
8,14,5,0,4
8,14,8,1,4
8,14,22,2,4
8,14,26,3,2
8,-14,25,1,2
8,-14,21,3,2
8,-14,22,1,2
8,-14,11,1,2
8,-14,1,3,2
8,15,2,3,2
8,15,1,1,2
8,15,8,1,2
8,15,22,2,2
8,15,26,3,2
8,-15,25,1,2
8,-15,21,3,2
8,-15,22,1,2
8,-15,11,1,2
8,-15,1,3,2
8,16,2,3,2
8,16,1,1,2
8,16,8,1,2
8,16,22,2,2
8,16,26,3,4
8,-16,25,1,4
8,-16,21,0,4
8,-16,24,1,4
8,-16,28,3,4
8,-16,27,1,4
8,-16,15,2,4
8,-16,3,3,4
8,17,4,3,4
8,17,3,2,4
8,17,8,1,4
8,17,22,2,4
8,17,26,3,4
8,-17,25,2,4
8,-17,11,0,4
8,-17,10,1,4
8,-17,17,0,4
8,-17,20,2,4
8,-17,30,3,4
8,-17,29,2,4
8,-17,13,1,4
8,-17,3,3,4
8,18,4,3,4
8,18,3,2,4
8,18,8,1,4
8,18,22,2,4
8,18,26,3,2
8,-18,25,1,2
8,-18,21,3,2
8,-18,22,1,2
8,-18,11,1,2
8,-18,1,3,2
8,19,2,3,2
8,19,1,1,2
8,19,8,1,2
8,19,22,2,2
8,19,26,3,2
8,-19,25,2,2
8,-19,11,1,2
8,-19,1,3,2
8,20,2,3,2
8,20,1,1,2
8,20,8,1,2
8,20,22,2,2
8,20,26,3,4
8,-20,25,1,4
8,-20,21,0,4
8,-20,24,1,4
8,-20,28,3,4
8,-20,27,1,4
8,-20,15,2,4
8,-20,3,3,4
8,21,4,3,4
8,21,3,2,4
8,21,8,1,4
8,21,22,2,4
8,21,26,3,2
8,-21,25,2,2
8,-21,11,3,2
8,-21,12,2,2
8,-21,21,3,2
8,-21,22,2,2
8,-21,26,3,2
8,-21,25,2,2
8,-21,11,1,2
8,-21,1,3,2
8,22,2,3,2
8,22,1,1,2
8,22,8,1,2
8,22,22,2,2
8,22,26,3,2
8,-22,25,2,2
8,-22,11,1,2
8,-22,1,3,2
8,23,2,3,2
8,23,1,1,2
8,23,8,1,2
8,23,22,2,2
8,23,26,3,4
8,-23,25,2,4
8,-23,11,0,4
8,-23,10,1,4
8,-23,17,0,4
8,-23,20,2,4
8,-23,30,3,4
8,-23,29,2,4
8,-23,13,1,4
8,-23,3,3,4
8,24,4,3,4
8,24,3,2,4
8,24,8,1,4
8,24,22,2,4
8,24,26,3,4
8,-24,25,2,4
8,-24,11,0,4
8,-24,10,2,4
8,-24,32,3,4
8,-24,31,1,4
8,-24,9,0,4
8,-24,12,1,4
8,-24,26,3,4
8,-24,25,1,4
8,-24,21,0,4
8,-24,24,2,4
8,-24,15,3,4
8,-24,16,2,4
8,-24,28,3,4
8,-24,27,2,4
8,-24,23,3,4
8,-24,24,2,4
8,-24,15,2,4
8,-24,3,3,4
8,25,4,3,4
8,25,3,2,4
8,25,8,1,4
8,25,22,2,4
8,25,26,3,2
8,-25,25,2,2
8,-25,11,1,2
8,-25,1,3,2
8,26,2,3,2
8,26,1,1,2
8,26,8,3,2
8,26,7,0,2
8,26,6,2,2
8,26,18,1,2
8,26,32,3,2
8,26,31,2,2
8,26,17,0,2
8,26,20,2,2
8,26,30,3,2
8,26,29,1,2
8,26,19,2,2
8,26,5,0,2
8,26,8,1,2
8,26,22,2,2
8,26,26,3,4
8,-26,25,2,4
8,-26,11,0,4
8,-26,10,2,4
8,-26,32,3,4
8,-26,31,2,4
8,-26,17,0,4
8,-26,20,1,4
8,-26,13,1,4
8,-26,3,3,4
8,27,4,3,4
8,27,3,1,4
8,27,6,3,4
8,27,5,0,4
8,27,8,1,4
8,27,22,2,4
8,27,26,3,4
8,-27,25,2,4
8,-27,11,0,4
8,-27,10,1,4
8,-27,17,0,4
8,-27,20,2,4
8,-27,30,3,4
8,-27,29,2,4
8,-27,13,1,4
8,-27,3,3,4
8,28,4,3,4
8,28,3,2,4
8,28,8,1,4
8,28,22,2,4
8,28,26,3,2
8,-28,25,1,2
8,-28,21,3,2
8,-28,22,1,2
8,-28,11,1,2
8,-28,1,3,2
8,29,2,3,2
8,29,1,1,2
8,29,8,1,2
8,29,22,2,2
8,29,26,3,2
8,-29,25,1,2
8,-29,21,3,2
8,-29,22,1,2
8,-29,11,1,2
8,-29,1,3,2
8,30,2,3,2
8,30,1,1,2
8,30,8,1,2
8,30,22,2,2
8,30,26,3,4
8,-30,25,1,4
8,-30,21,0,4
8,-30,24,1,4
8,-30,28,3,4
8,-30,27,1,4
8,-30,15,2,4
8,-30,3,3,4
8,31,4,3,4
8,31,3,2,4
8,31,8,1,4
8,31,22,2,4
8,31,26,3,2
8,-31,25,2,2
8,-31,11,1,2
8,-31,1,3,2
8,32,2,3,2
8,32,1,1,2
8,32,8,1,2
8,32,22,2,2
8,32,26,3,2
9,1,2,3,2
9,1,1,1,2
9,1,8,1,2
9,1,22,2,2
9,1,26,3,2
9,-1,25,2,2
9,-1,11,1,2
9,-1,1,3,2
9,2,2,3,2
9,2,1,1,2
9,2,8,1,2
9,2,22,2,2
9,2,26,3,4
9,-2,25,1,4
9,-2,21,0,4
9,-2,24,1,4
9,-2,28,3,4
9,-2,27,1,4
9,-2,15,2,4
9,-2,3,3,4
9,3,4,3,4
9,3,3,2,4
9,3,8,1,4
9,3,22,2,4
9,3,26,3,4
9,-3,25,2,4
9,-3,11,0,4
9,-3,10,2,4
9,-3,32,3,4
9,-3,31,2,4
9,-3,17,0,4
9,-3,20,2,4
9,-3,30,3,4
9,-3,29,2,4
9,-3,13,3,4
9,-3,14,2,4
9,-3,19,3,4
9,-3,20,2,4
9,-3,30,3,4
9,-3,29,2,4
9,-3,13,1,4
9,-3,3,3,4
9,4,4,3,4
9,4,3,1,4
9,4,6,1,4
9,4,20,2,4
9,4,30,3,4
9,4,29,1,4
9,4,19,2,4
9,4,5,0,4
9,4,8,1,4
9,4,22,2,4
9,4,26,3,2
9,-4,25,2,2
9,-4,11,1,2
9,-4,1,3,2
9,5,2,3,2
9,5,1,1,2
9,5,8,1,2
9,5,22,2,2
9,5,26,3,2
9,-5,25,1,2
9,-5,21,3,2
9,-5,22,1,2
9,-5,11,1,2
9,-5,1,3,2
9,6,2,3,2
9,6,1,1,2
9,6,8,1,2
9,6,22,2,2
9,6,26,3,4
9,-6,25,1,4
9,-6,21,0,4
9,-6,24,1,4
9,-6,28,3,4
9,-6,27,1,4
9,-6,15,2,4
9,-6,3,3,4
9,7,4,3,4
9,7,3,2,4
9,7,8,1,4
9,7,22,2,4
9,7,26,3,4
9,-7,25,1,4
9,-7,21,0,4
9,-7,24,1,4
9,-7,28,3,4
9,-7,27,1,4
9,-7,15,2,4
9,-7,3,3,4
9,8,4,3,4
9,8,3,1,4
9,8,6,1,4
9,8,20,2,4
9,8,30,3,4
9,8,29,1,4
9,8,19,2,4
9,8,5,0,4
9,8,8,1,4
9,8,22,2,4
9,8,26,3,2
9,-8,25,2,2
9,-8,11,3,2
9,-8,12,2,2
9,-8,21,3,2
9,-8,22,1,2
9,-8,11,1,2
9,-8,1,3,2
9,9,2,3,2
9,9,1,1,2
9,9,8,1,2
9,9,22,2,2
9,9,26,3,2
9,-9,25,1,2
9,-9,21,3,2
9,-9,22,2,2
9,-9,26,3,2
9,-9,25,2,2
9,-9,11,1,2
9,-9,1,3,2
9,10,2,3,2
9,10,1,1,2
9,10,8,1,2
9,10,22,2,2
9,10,26,3,4
9,-10,25,1,4
9,-10,21,0,4
9,-10,24,1,4
9,-10,28,3,4
9,-10,27,2,4
9,-10,23,3,4
9,-10,24,2,4
9,-10,15,2,4
9,-10,3,3,4
9,11,4,3,4
9,11,3,2,4
9,11,8,1,4
9,11,22,2,4
9,11,26,3,4
9,-11,25,2,4
9,-11,11,0,4
9,-11,10,2,4
9,-11,32,3,4
9,-11,31,2,4
9,-11,17,0,4
9,-11,20,1,4
9,-11,13,1,4
9,-11,3,3,4
9,12,4,3,4
9,12,3,2,4
9,12,8,1,4
9,12,22,2,4
9,12,26,3,2
9,-12,25,2,2
9,-12,11,1,2
9,-12,1,3,2
9,13,2,3,2
9,13,1,1,2
9,13,8,1,2
9,13,22,2,2
9,13,26,3,4
9,-13,25,1,4
9,-13,21,0,4
9,-13,24,1,4
9,-13,28,3,4
9,-13,27,1,4
9,-13,15,2,4
9,-13,3,3,4
9,14,4,3,4
9,14,3,2,4
9,14,8,1,4
9,14,22,2,4
9,14,26,3,2
9,-14,25,1,2
9,-14,21,3,2
9,-14,22,1,2
9,-14,11,1,2
9,-14,1,3,2
9,15,2,3,2
9,15,1,1,2
9,15,8,1,2
9,15,22,2,2
9,15,26,3,4
9,-15,25,2,4
9,-15,11,0,4
9,-15,10,2,4
9,-15,32,3,4
9,-15,31,1,4
9,-15,9,3,4
9,-15,10,1,4
9,-15,17,0,4
9,-15,20,2,4
9,-15,30,3,4
9,-15,29,2,4
9,-15,13,3,4
9,-15,14,1,4
9,-15,30,3,4
9,-15,29,1,4
9,-15,19,3,4
9,-15,20,1,4
9,-15,13,1,4
9,-15,3,3,4
9,16,4,3,4
9,16,3,1,4
9,16,6,1,4
9,16,20,2,4
9,16,30,3,4
9,16,29,1,4
9,16,19,2,4
9,16,5,0,4
9,16,8,1,4
9,16,22,2,4
9,16,26,3,6
9,-16,25,2,6
9,-16,11,0,6
9,-16,10,2,6
9,-16,32,3,6
9,-16,31,1,6
9,-16,9,3,6
9,-16,10,1,6
9,-16,17,1,6
9,-16,5,3,6
9,17,6,3,6
9,17,5,2,6
9,17,4,1,6
9,17,16,2,6
9,17,28,3,6
9,17,27,1,6
9,17,15,2,6
9,17,3,0,6
9,17,2,1,6
9,17,10,2,6
9,17,32,3,6
9,17,31,1,6
9,17,9,2,6
9,17,1,0,6
9,17,4,1,6
9,17,16,2,6
9,17,28,3,6
9,17,27,1,6
9,17,15,0,6
9,17,14,1,6
9,17,30,3,6
9,17,29,1,6
9,17,19,3,6
9,17,20,1,6
9,17,13,1,6
9,17,3,0,6
9,17,2,2,6
9,17,12,1,6
9,17,26,3,6
9,-17,25,2,6
9,-17,11,0,6
9,-17,10,1,6
9,-17,17,1,6
9,-17,5,3,6
9,18,6,3,6
9,18,5,1,6
9,18,2,1,6
9,18,10,2,6
9,18,32,3,6
9,18,31,1,6
9,18,9,2,6
9,18,1,0,6
9,18,4,1,6
9,18,16,2,6
9,18,28,3,6
9,18,27,1,6
9,18,15,2,6
9,18,3,0,6
9,18,2,1,6
9,18,10,2,6
9,18,32,3,6
9,18,31,1,6
9,18,9,0,6
9,18,12,1,6
9,18,26,3,2
9,-18,25,2,2
9,-18,11,1,2
9,-18,1,3,2
9,19,2,3,2
9,19,1,1,2
9,19,8,1,2
9,19,22,2,2
9,19,26,3,6
9,-19,25,1,6
9,-19,21,0,6
9,-19,24,1,6
9,-19,28,3,6
9,-19,27,2,6
9,-19,23,0,6
9,-19,22,2,6
9,-19,26,3,6
9,-19,25,2,6
9,-19,11,0,6
9,-19,10,2,6
9,-19,32,3,6
9,-19,31,2,6
9,-19,17,1,6
9,-19,5,3,6
9,20,6,3,6
9,20,5,2,6
9,20,4,1,6
9,20,16,2,6
9,20,28,3,6
9,20,27,2,6
9,20,23,3,6
9,20,24,2,6
9,20,15,2,6
9,20,3,0,6
9,20,2,1,6
9,20,10,2,6
9,20,32,3,6
9,20,31,2,6
9,20,17,3,6
9,20,18,2,6
9,20,9,2,6
9,20,1,0,6
9,20,4,1,6
9,20,16,2,6
9,20,28,3,6
9,20,27,1,6
9,20,15,2,6
9,20,3,0,6
9,20,2,1,6
9,20,10,2,6
9,20,32,3,6
9,20,31,1,6
9,20,9,2,6
9,20,1,0,6
9,20,4,1,6
9,20,16,2,6
9,20,28,3,6
9,20,27,1,6
9,20,15,2,6
9,20,3,0,6
9,20,2,1,6
9,20,10,2,6
9,20,32,3,6
9,20,31,1,6
9,20,9,0,6
9,20,12,1,6
9,20,26,3,6
9,-20,25,1,6
9,-20,21,0,6
9,-20,24,2,6
9,-20,15,0,6
9,-20,14,2,6
9,-20,19,2,6
9,-20,5,3,6
9,21,6,3,6
9,21,5,2,6
9,21,4,1,6
9,21,16,2,6
9,21,28,3,6
9,21,27,2,6
9,21,23,3,6
9,21,24,2,6
9,21,15,2,6
9,21,3,1,6
9,21,6,3,6
9,21,5,1,6
9,21,2,1,6
9,21,10,2,6
9,21,32,3,6
9,21,31,1,6
9,21,9,2,6
9,21,1,0,6
9,21,4,1,6
9,21,16,2,6
9,21,28,3,6
9,21,27,1,6
9,21,15,2,6
9,21,3,1,6
9,21,6,3,6
9,21,5,1,6
9,21,2,1,6
9,21,10,2,6
9,21,32,3,6
9,21,31,2,6
9,21,17,3,6
9,21,18,2,6
9,21,9,2,6
9,21,1,0,6
9,21,4,1,6
9,21,16,2,6
9,21,28,3,6
9,21,27,2,6
9,21,23,3,6
9,21,24,2,6
9,21,15,2,6
9,21,3,0,6
9,21,2,2,6
9,21,12,1,6
9,21,26,3,4
9,-21,25,1,4
9,-21,21,0,4
9,-21,24,1,4
9,-21,28,3,4
9,-21,27,1,4
9,-21,15,2,4
9,-21,3,3,4
9,22,4,3,4
9,22,3,2,4
9,22,8,1,4
9,22,22,2,4
9,22,26,3,6
9,-22,25,2,6
9,-22,11,0,6
9,-22,10,1,6
9,-22,17,1,6
9,-22,5,3,6
9,23,6,3,6
9,23,5,2,6
9,23,4,1,6
9,23,16,2,6
9,23,28,3,6
9,23,27,1,6
9,23,15,2,6
9,23,3,0,6
9,23,2,1,6
9,23,10,2,6
9,23,32,3,6
9,23,31,2,6
9,23,17,3,6
9,23,18,2,6
9,23,9,0,6
9,23,12,1,6
9,23,26,3,6
9,-23,25,1,6
9,-23,21,0,6
9,-23,24,1,6
9,-23,28,3,6
9,-23,27,1,6
9,-23,15,0,6
9,-23,14,1,6
9,-23,30,3,6
9,-23,29,1,6
9,-23,19,2,6
9,-23,5,3,6
9,24,6,3,6
9,24,5,2,6
9,24,4,1,6
9,24,16,2,6
9,24,28,3,6
9,24,27,1,6
9,24,15,2,6
9,24,3,0,6
9,24,2,2,6
9,24,12,1,6
9,24,26,3,4
9,-24,25,2,4
9,-24,11,0,4
9,-24,10,1,4
9,-24,17,0,4
9,-24,20,1,4
9,-24,13,1,4
9,-24,3,3,4
9,25,4,3,4
9,25,3,1,4
9,25,6,1,4
9,25,20,2,4
9,25,30,3,4
9,25,29,1,4
9,25,19,2,4
9,25,5,0,4
9,25,8,1,4
9,25,22,2,4
9,25,26,3,6
9,-25,25,1,6
9,-25,21,0,6
9,-25,24,1,6
9,-25,28,3,6
9,-25,27,1,6
9,-25,15,0,6
9,-25,14,2,6
9,-25,19,2,6
9,-25,5,3,6
9,26,6,3,6
9,26,5,2,6
9,26,4,1,6
9,26,16,2,6
9,26,28,3,6
9,26,27,1,6
9,26,15,2,6
9,26,3,0,6
9,26,2,2,6
9,26,12,1,6
9,26,26,3,6
9,-26,25,1,6
9,-26,21,0,6
9,-26,24,1,6
9,-26,28,3,6
9,-26,27,2,6
9,-26,23,0,6
9,-26,22,1,6
9,-26,11,0,6
9,-26,10,1,6
9,-26,17,1,6
9,-26,5,3,6
9,27,6,3,6
9,27,5,1,6
9,27,2,1,6
9,27,10,3,6
9,27,9,2,6
9,27,1,0,6
9,27,4,2,6
9,27,14,1,6
9,27,30,3,6
9,27,29,2,6
9,27,13,0,6
9,27,16,2,6
9,27,28,3,6
9,27,27,1,6
9,27,15,2,6
9,27,3,0,6
9,27,2,2,6
9,27,12,1,6
9,27,26,3,2
9,-27,25,2,2
9,-27,11,1,2
9,-27,1,3,2
9,28,2,3,2
9,28,1,1,2
9,28,8,1,2
9,28,22,2,2
9,28,26,3,6
9,-28,25,1,6
9,-28,21,0,6
9,-28,24,2,6
9,-28,15,0,6
9,-28,14,1,6
9,-28,30,3,6
9,-28,29,1,6
9,-28,19,2,6
9,-28,5,3,6
9,29,6,3,6
9,29,5,2,6
9,29,4,1,6
9,29,16,2,6
9,29,28,3,6
9,29,27,1,6
9,29,15,0,6
9,29,14,1,6
9,29,30,3,6
9,29,29,1,6
9,29,19,3,6
9,29,20,1,6
9,29,13,0,6
9,29,16,2,6
9,29,28,3,6
9,29,27,2,6
9,29,23,3,6
9,29,24,2,6
9,29,15,2,6
9,29,3,0,6
9,29,2,2,6
9,29,12,1,6
9,29,26,3,4
9,-29,25,2,4
9,-29,11,0,4
9,-29,10,2,4
9,-29,32,3,4
9,-29,31,2,4
9,-29,17,0,4
9,-29,20,1,4
9,-29,13,1,4
9,-29,3,3,4
9,30,4,3,4
9,30,3,2,4
9,30,8,1,4
9,30,22,2,4
9,30,26,3,6
9,-30,25,2,6
9,-30,11,0,6
9,-30,10,1,6
9,-30,17,1,6
9,-30,5,3,6
9,31,6,3,6
9,31,5,1,6
9,31,2,2,6
9,31,12,1,6
9,31,26,3,2
9,-31,25,2,2
9,-31,11,1,2
9,-31,1,3,2
9,32,2,3,2
9,32,1,1,2
9,32,8,1,2
9,32,22,2,2
9,32,26,3,6
9,-32,25,1,6
9,-32,21,0,6
9,-32,24,2,6
9,-32,15,0,6
9,-32,14,2,6
9,-32,19,2,6
9,-32,5,3,6
9,33,6,3,6
9,33,5,2,6
9,33,4,1,6
9,33,16,2,6
9,33,28,3,6
9,33,27,1,6
9,33,15,0,6
9,33,14,3,6
9,33,13,1,6
9,33,3,0,6
9,33,2,2,6
9,33,12,1,6
9,33,26,3,6
9,-33,25,1,6
9,-33,21,0,6
9,-33,24,1,6
9,-33,28,3,6
9,-33,27,1,6
9,-33,15,0,6
9,-33,14,2,6
9,-33,19,2,6
9,-33,5,3,6
9,34,6,3,6
9,34,5,2,6
9,34,4,2,6
9,34,14,1,6
9,34,30,3,6
9,34,29,2,6
9,34,13,0,6
9,34,16,2,6
9,34,28,3,6
9,34,27,2,6
9,34,23,3,6
9,34,24,2,6
9,34,15,2,6
9,34,3,0,6
9,34,2,2,6
9,34,12,1,6
9,34,26,3,4
9,-34,25,1,4
9,-34,21,0,4
9,-34,24,2,4
9,-34,15,2,4
9,-34,3,3,4
9,35,4,3,4
9,35,3,2,4
9,35,8,1,4
9,35,22,2,4
9,35,26,3,6
9,-35,25,1,6
9,-35,21,0,6
9,-35,24,1,6
9,-35,28,3,6
9,-35,27,1,6
9,-35,15,0,6
9,-35,14,1,6
9,-35,30,3,6
9,-35,29,2,6
9,-35,13,3,6
9,-35,14,1,6
9,-35,30,3,6
9,-35,29,1,6
9,-35,19,2,6
9,-35,5,3,6
9,36,6,3,6
9,36,5,2,6
9,36,4,1,6
9,36,16,2,6
9,36,28,3,6
9,36,27,1,6
9,36,15,2,6
9,36,3,0,6
9,36,2,2,6
9,36,12,1,6
9,36,26,3,6
9,-36,25,2,6
9,-36,11,0,6
9,-36,10,1,6
9,-36,17,1,6
9,-36,5,3,6
9,37,6,3,6
9,37,5,2,6
9,37,4,2,6
9,37,14,1,6
9,37,30,3,6
9,37,29,2,6
9,37,13,0,6
9,37,16,2,6
9,37,28,3,6
9,37,27,1,6
9,37,15,2,6
9,37,3,0,6
9,37,2,2,6
9,37,12,1,6
9,37,26,3,2
9,-37,25,2,2
9,-37,11,3,2
9,-37,12,2,2
9,-37,21,3,2
9,-37,22,1,2
9,-37,11,1,2
9,-37,1,3,2
9,38,2,3,2
9,38,1,1,2
9,38,8,1,2
9,38,22,2,2
9,38,26,3,6
9,-38,25,1,6
9,-38,21,0,6
9,-38,24,2,6
9,-38,15,0,6
9,-38,14,1,6
9,-38,30,3,6
9,-38,29,1,6
9,-38,19,2,6
9,-38,5,3,6
9,39,6,3,6
9,39,5,2,6
9,39,4,1,6
9,39,16,2,6
9,39,28,3,6
9,39,27,1,6
9,39,15,2,6
9,39,3,0,6
9,39,2,2,6
9,39,12,1,6
9,39,26,3,6
9,-39,25,1,6
9,-39,21,0,6
9,-39,24,2,6
9,-39,15,3,6
9,-39,16,2,6
9,-39,28,3,6
9,-39,27,2,6
9,-39,23,0,6
9,-39,22,2,6
9,-39,26,3,6
9,-39,25,1,6
9,-39,21,0,6
9,-39,24,1,6
9,-39,28,3,6
9,-39,27,2,6
9,-39,23,0,6
9,-39,22,1,6
9,-39,11,0,6
9,-39,10,2,6
9,-39,32,3,6
9,-39,31,2,6
9,-39,17,1,6
9,-39,5,3,6
9,40,6,3,6
9,40,5,2,6
9,40,4,1,6
9,40,16,2,6
9,40,28,3,6
9,40,27,1,6
9,40,15,2,6
9,40,3,0,6
9,40,2,2,6
9,40,12,1,6
9,40,26,3,6
10,1,2,3,6
10,1,1,2,6
10,1,6,1,6
10,1,20,2,6
10,1,30,3,6
10,1,29,1,6
10,1,19,0,6
10,1,18,1,6
10,1,32,3,6
10,1,31,1,6
10,1,9,3,6
10,1,10,1,6
10,1,17,0,6
10,1,20,2,6
10,1,30,3,6
10,1,29,2,6
10,1,13,3,6
10,1,14,2,6
10,1,19,0,6
10,1,18,1,6
10,1,32,3,6
10,1,31,1,6
10,1,9,3,6
10,1,10,1,6
10,1,17,1,6
10,1,5,0,6
10,1,8,2,6
10,1,24,1,6
10,1,28,3,6
10,1,27,2,6
10,1,23,1,6
10,1,7,0,6
10,1,6,1,6
10,1,20,2,6
10,1,30,3,6
10,1,29,1,6
10,1,19,0,6
10,1,18,1,6
10,1,32,3,6
10,1,31,1,6
10,1,9,3,6
10,1,10,1,6
10,1,17,1,6
10,1,5,0,6
10,1,8,2,6
10,1,24,1,6
10,1,28,3,6
10,1,27,1,6
10,1,15,3,6
10,1,16,1,6
10,1,23,1,6
10,1,7,0,6
10,1,6,2,6
10,1,18,1,6
10,1,32,3,6
10,1,31,2,6
10,1,17,1,6
10,1,5,0,6
10,1,8,2,6
10,1,24,1,6
10,1,28,3,6
10,1,27,2,6
10,1,23,1,6
10,1,7,0,6
10,1,6,1,6
10,1,20,2,6
10,1,30,3,6
10,1,29,1,6
10,1,19,0,6
10,1,18,1,6
10,1,32,3,6
10,1,31,1,6
10,1,9,3,6
10,1,10,1,6
10,1,17,1,6
10,1,5,0,6
10,1,8,2,6
10,1,24,1,6
10,1,28,3,6
10,1,27,2,6
10,1,23,1,6
10,1,7,0,6
10,1,6,2,6
10,1,18,1,6
10,1,32,3,6
10,1,31,2,6
10,1,17,0,6
10,1,20,2,6
10,1,30,3,6
10,1,29,2,6
10,1,13,3,6
10,1,14,2,6
10,1,19,2,6
10,1,5,1,6
10,1,2,3,6
10,1,1,1,6
10,1,8,2,6
10,1,24,1,6
10,1,28,3,6
10,1,27,2,6
10,1,23,1,6
10,1,7,0,6
10,1,6,1,6
10,1,20,2,6
10,1,30,3,6
10,1,29,1,6
10,1,19,2,6
10,1,5,0,6
10,1,8,2,6
10,1,24,1,6
10,1,28,3,6
10,1,27,1,6
10,1,15,3,6
10,1,16,1,6
10,1,23,0,6
10,1,22,2,6
10,1,26,3,4
10,-1,25,2,4
10,-1,11,0,4
10,-1,10,2,4
10,-1,32,3,4
10,-1,31,1,4
10,-1,9,0,4
10,-1,12,2,4
10,-1,21,0,4
10,-1,24,2,4
10,-1,15,2,4
10,-1,3,3,4
10,2,4,3,4
10,2,3,2,4
10,2,8,1,4
10,2,22,2,4
10,2,26,3,2
10,-2,25,1,2
10,-2,21,3,2
10,-2,22,1,2
10,-2,11,1,2
10,-2,1,3,2
10,3,2,3,2
10,3,1,1,2
10,3,8,1,2
10,3,22,2,2
10,3,26,3,2
10,-3,25,2,2
10,-3,11,1,2
10,-3,1,3,2
10,4,2,3,2
10,4,1,1,2
10,4,8,1,2
10,4,22,2,2
10,4,26,3,4
10,-4,25,1,4
10,-4,21,0,4
10,-4,24,1,4
10,-4,28,3,4
10,-4,27,1,4
10,-4,15,2,4
10,-4,3,3,4
10,5,4,3,4
10,5,3,2,4
10,5,8,1,4
10,5,22,2,4
10,5,26,3,4
10,-5,25,2,4
10,-5,11,0,4
10,-5,10,2,4
10,-5,32,3,4
10,-5,31,2,4
10,-5,17,0,4
10,-5,20,2,4
10,-5,30,3,4
10,-5,29,1,4
10,-5,19,3,4
10,-5,20,1,4
10,-5,13,1,4
10,-5,3,3,4
10,6,4,3,4
10,6,3,1,4
10,6,6,1,4
10,6,20,2,4
10,6,30,3,4
10,6,29,1,4
10,6,19,2,4
10,6,5,0,4
10,6,8,1,4
10,6,22,2,4
10,6,26,3,2
10,-6,25,1,2
10,-6,21,3,2
10,-6,22,2,2
10,-6,26,3,2
10,-6,25,2,2
10,-6,11,1,2
10,-6,1,3,2
10,7,2,3,2
10,7,1,2,2
10,7,6,1,2
10,7,20,2,2
10,7,30,3,2
10,7,29,1,2
10,7,19,2,2
10,7,5,0,2
10,7,8,2,2
10,7,24,1,2
10,7,28,3,2
10,7,27,2,2
10,7,23,0,2
10,7,22,2,2
10,7,26,3,4
10,-7,25,2,4
10,-7,11,0,4
10,-7,10,1,4
10,-7,17,0,4
10,-7,20,2,4
10,-7,30,3,4
10,-7,29,2,4
10,-7,13,1,4
10,-7,3,3,4
10,8,4,3,4
10,8,3,1,4
10,8,6,1,4
10,8,20,2,4
10,8,30,3,4
10,8,29,1,4
10,8,19,2,4
10,8,5,0,4
10,8,8,1,4
10,8,22,2,4
10,8,26,3,2
10,-8,25,1,2
10,-8,21,3,2
10,-8,22,1,2
10,-8,11,3,2
10,-8,12,1,2
10,-8,26,3,2
10,-8,25,1,2
10,-8,21,3,2
10,-8,22,1,2
10,-8,11,1,2
10,-8,1,3,2
10,9,2,3,2
10,9,1,1,2
10,9,8,1,2
10,9,22,2,2
10,9,26,3,2
10,-9,25,1,2
10,-9,21,3,2
10,-9,22,1,2
10,-9,11,1,2
10,-9,1,3,2
10,10,2,3,2
10,10,1,1,2
10,10,8,1,2
10,10,22,2,2
10,10,26,3,4
10,-10,25,1,4
10,-10,21,0,4
10,-10,24,2,4
10,-10,15,2,4
10,-10,3,3,4
10,11,4,3,4
10,11,3,2,4
10,11,8,1,4
10,11,22,2,4
10,11,26,3,4
10,-11,25,1,4
10,-11,21,0,4
10,-11,24,2,4
10,-11,15,2,4
10,-11,3,3,4
10,12,4,3,4
10,12,3,2,4
10,12,8,1,4
10,12,22,2,4
10,12,26,3,2
10,-12,25,2,2
10,-12,11,1,2
10,-12,1,3,2
10,13,2,3,2
10,13,1,1,2
10,13,8,1,2
10,13,22,2,2
10,13,26,3,4
10,-13,25,2,4
10,-13,11,0,4
10,-13,10,2,4
10,-13,32,3,4
10,-13,31,1,4
10,-13,9,0,4
10,-13,12,1,4
10,-13,26,3,4
10,-13,25,2,4
10,-13,11,0,4
10,-13,10,1,4
10,-13,17,0,4
10,-13,20,2,4
10,-13,30,3,4
10,-13,29,2,4
10,-13,13,1,4
10,-13,3,3,4
10,14,4,3,4
10,14,3,2,4
10,14,8,1,4
10,14,22,2,4
10,14,26,3,4
10,-14,25,1,4
10,-14,21,0,4
10,-14,24,1,4
10,-14,28,3,4
10,-14,27,2,4
10,-14,23,3,4
10,-14,24,2,4
10,-14,15,2,4
10,-14,3,3,4
10,15,4,3,4
10,15,3,2,4
10,15,8,1,4
10,15,22,2,4
10,15,26,3,2
10,-15,25,2,2
10,-15,11,1,2
10,-15,1,3,2
10,16,2,3,2
10,16,1,1,2
10,16,8,1,2
10,16,22,2,2
10,16,26,3,4
10,-16,25,1,4
10,-16,21,0,4
10,-16,24,2,4
10,-16,15,2,4
10,-16,3,3,4
10,17,4,3,4
10,17,3,2,4
10,17,8,1,4
10,17,22,2,4
10,17,26,3,2
10,-17,25,1,2
10,-17,21,3,2
10,-17,22,1,2
10,-17,11,1,2
10,-17,1,3,2
10,18,2,3,2
10,18,1,1,2
10,18,8,1,2
10,18,22,2,2
10,18,26,3,4
10,-18,25,2,4
10,-18,11,0,4
10,-18,10,1,4
10,-18,17,0,4
10,-18,20,2,4
10,-18,30,3,4
10,-18,29,1,4
10,-18,19,3,4
10,-18,20,1,4
10,-18,13,1,4
10,-18,3,3,4
10,19,4,3,4
10,19,3,1,4
10,19,6,1,4
10,19,20,2,4
10,19,30,3,4
10,19,29,1,4
10,19,19,2,4
10,19,5,0,4
10,19,8,1,4
10,19,22,2,4
10,19,26,3,2
10,-19,25,1,2
10,-19,21,3,2
10,-19,22,1,2
10,-19,11,3,2
10,-19,12,2,2
10,-19,21,3,2
10,-19,22,1,2
10,-19,11,1,2
10,-19,1,3,2
10,20,2,3,2
10,20,1,2,2
10,20,6,1,2
10,20,20,2,2
10,20,30,3,2
10,20,29,1,2
10,20,19,2,2
10,20,5,0,2
10,20,8,2,2
10,20,24,1,2
10,20,28,3,2
10,20,27,1,2
10,20,15,3,2
10,20,16,1,2
10,20,23,0,2
10,20,22,2,2
10,20,26,3,2
10,-20,25,1,2
10,-20,21,3,2
10,-20,22,1,2
10,-20,11,1,2
10,-20,1,3,2
10,21,2,3,2
10,21,1,1,2
10,21,8,1,2
10,21,22,2,2
10,21,26,3,4
10,-21,25,2,4
10,-21,11,0,4
10,-21,10,2,4
10,-21,32,3,4
10,-21,31,1,4
10,-21,9,3,4
10,-21,10,1,4
10,-21,17,0,4
10,-21,20,1,4
10,-21,13,1,4
10,-21,3,3,4
10,22,4,3,4
10,22,3,1,4
10,22,6,1,4
10,22,20,2,4
10,22,30,3,4
10,22,29,1,4
10,22,19,2,4
10,22,5,0,4
10,22,8,1,4
10,22,22,2,4
10,22,26,3,2
10,-22,25,1,2
10,-22,21,3,2
10,-22,22,1,2
10,-22,11,1,2
10,-22,1,3,2
10,23,2,3,2
10,23,1,1,2
10,23,8,1,2
10,23,22,2,2
10,23,26,3,4
10,-23,25,2,4
10,-23,11,0,4
10,-23,10,2,4
10,-23,32,3,4
10,-23,31,2,4
10,-23,17,0,4
10,-23,20,1,4
10,-23,13,1,4
10,-23,3,3,4
10,24,4,3,4
10,24,3,2,4
10,24,8,1,4
10,24,22,2,4
10,24,26,3,4
10,-24,25,2,4
10,-24,11,0,4
10,-24,10,1,4
10,-24,17,0,4
10,-24,20,2,4
10,-24,30,3,4
10,-24,29,2,4
10,-24,13,1,4
10,-24,3,3,4
10,25,4,3,4
10,25,3,1,4
10,25,6,1,4
10,25,20,2,4
10,25,30,3,4
10,25,29,1,4
10,25,19,2,4
10,25,5,0,4
10,25,8,1,4
10,25,22,2,4
10,25,26,3,2
10,-25,25,2,2
10,-25,11,1,2
10,-25,1,3,2
10,26,2,3,2
10,26,1,2,2
10,26,6,1,2
10,26,20,2,2
10,26,30,3,2
10,26,29,1,2
10,26,19,2,2
10,26,5,0,2
10,26,8,1,2
10,26,22,2,2
10,26,26,3,2
10,-26,25,1,2
10,-26,21,3,2
10,-26,22,1,2
10,-26,11,1,2
10,-26,1,3,2
10,27,2,3,2
10,27,1,1,2
10,27,8,1,2
10,27,22,2,2
10,27,26,3,4
10,-27,25,1,4
10,-27,21,0,4
10,-27,24,1,4
10,-27,28,3,4
10,-27,27,1,4
10,-27,15,2,4
10,-27,3,3,4
10,28,4,3,4
10,28,3,2,4
10,28,8,1,4
10,28,22,2,4
10,28,26,3,2
10,-28,25,2,2
10,-28,11,1,2
10,-28,1,3,2
10,29,2,3,2
10,29,1,1,2
10,29,8,1,2
10,29,22,2,2
10,29,26,3,4
10,-29,25,1,4
10,-29,21,0,4
10,-29,24,2,4
10,-29,15,2,4
10,-29,3,3,4
10,30,4,3,4
10,30,3,2,4
10,30,8,1,4
10,30,22,2,4
10,30,26,3,4
10,-30,25,1,4
10,-30,21,0,4
10,-30,24,1,4
10,-30,28,3,4
10,-30,27,1,4
10,-30,15,2,4
10,-30,3,3,4
10,31,4,3,4
10,31,3,2,4
10,31,8,1,4
10,31,22,2,4
10,31,26,3,2
10,-31,25,2,2
10,-31,11,1,2
10,-31,1,3,2
10,32,2,3,2
10,32,1,1,2
10,32,8,1,2
10,32,22,2,2
10,32,26,3,2
11,1,2,3,2
11,1,1,2,2
11,1,6,1,2
11,1,20,2,2
11,1,30,3,2
11,1,29,2,2
11,1,13,3,2
11,1,14,2,2
11,1,19,0,2
11,1,18,1,2
11,1,32,3,2
11,1,31,2,2
11,1,17,1,2
11,1,5,0,2
11,1,8,1,2
11,1,22,2,2
11,1,26,3,2
11,-1,25,2,2
11,-1,11,0,2
11,-1,10,2,2
11,-1,32,3,2
11,-1,31,2,2
11,-1,17,0,2
11,-1,20,1,2
11,-1,13,1,2
11,-1,3,3,2
11,2,2,3,2
11,2,1,1,2
11,2,8,1,2
11,2,22,2,2
11,2,26,3,4
11,-2,29,2,4
11,-2,13,1,4
11,-2,3,3,4
11,3,4,3,4
11,3,3,2,4
11,3,8,1,4
11,3,22,2,4
11,3,26,3,4
11,-3,27,1,4
11,-3,15,3,4
11,-3,16,1,4
11,-3,23,0,4
11,-3,22,2,4
11,-3,26,3,4
11,-3,25,2,4
11,-3,11,3,4
11,-3,12,2,4
11,-3,21,0,4
11,-3,24,1,4
11,-3,28,3,4
11,-3,27,1,4
11,-3,15,3,4
11,-3,16,1,4
11,-3,23,0,4
11,-3,22,2,4
11,-3,26,3,4
11,-3,25,2,4
11,-3,11,3,4
11,-3,12,2,4
11,-3,21,0,4
11,-3,24,2,4
11,-3,15,3,4
11,-3,16,2,4
11,-3,28,3,4
11,-3,27,2,4
11,-3,23,0,4
11,-3,22,1,4
11,-3,11,3,4
11,-3,12,2,4
11,-3,21,0,4
11,-3,24,3,4
11,-3,23,0,4
11,-3,22,1,4
11,-3,11,3,4
11,-3,12,1,4
11,-3,26,3,4
11,-3,25,2,4
11,-3,11,3,4
11,-3,12,2,4
11,-3,21,0,4
11,-3,24,2,4
11,-3,15,3,4
11,-3,16,1,4
11,-3,23,0,4
11,-3,22,1,4
11,-3,11,3,4
11,-3,12,1,4
11,-3,26,3,4
11,-3,25,2,4
11,-3,11,3,4
11,-3,12,2,4
11,-3,21,3,4
11,-3,22,1,4
11,-3,11,0,4
11,-3,10,2,4
11,-3,32,3,4
11,-3,31,2,4
11,-3,17,1,4
11,-3,5,3,4
11,4,4,3,4
11,4,3,2,4
11,4,8,1,4
11,4,22,2,4
11,4,26,3,4
11,-4,27,1,4
11,-4,15,0,4
11,-4,14,1,4
11,-4,30,3,4
11,-4,29,2,4
11,-4,13,0,4
11,-4,16,1,4
11,-4,23,0,4
11,-4,22,2,4
11,-4,26,3,4
11,-4,25,2,4
11,-4,11,1,4
11,-4,1,3,4
11,5,4,3,4
11,5,3,2,4
11,5,8,1,4
11,5,22,2,4
11,5,26,3,2
11,-5,29,1,2
11,-5,19,2,2
11,-5,5,3,2
11,6,2,3,2
11,6,1,1,2
11,6,8,1,2
11,6,22,2,2
11,6,26,3,4
11,-6,31,1,4
11,-6,9,0,4
11,-6,12,1,4
11,-6,26,3,4
11,-6,25,1,4
11,-6,21,3,4
11,-6,22,2,4
11,-6,26,3,4
11,-6,25,1,4
11,-6,21,2,4
11,-6,7,3,4
11,7,4,3,4
11,7,3,2,4
11,7,8,1,4
11,7,22,2,4
11,7,26,3,4
11,-7,31,2,4
11,-7,17,0,4
11,-7,20,1,4
11,-7,13,1,4
11,-7,3,3,4
11,8,4,3,4
11,8,3,2,4
11,8,8,1,4
11,8,22,2,4
11,8,26,3,2
11,-8,25,1,2
11,-8,21,0,2
11,-8,24,1,2
11,-8,28,3,2
11,-8,27,1,2
11,-8,15,0,2
11,-8,14,2,2
11,-8,19,2,2
11,-8,5,3,2
11,9,2,3,2
11,9,1,1,2
11,9,8,1,2
11,9,22,2,2
11,9,26,3,4
11,-9,31,1,4
11,-9,9,3,4
11,-9,10,1,4
11,-9,17,1,4
11,-9,5,3,4
11,10,4,3,4
11,10,3,2,4
11,10,8,1,4
11,10,22,2,4
11,10,26,3,4
11,-10,27,2,4
11,-10,23,0,4
11,-10,22,2,4
11,-10,26,3,4
11,-10,25,2,4
11,-10,11,1,4
11,-10,1,3,4
11,11,4,3,4
11,11,3,2,4
11,11,8,1,4
11,11,22,2,4
11,11,26,3,2
11,-11,29,1,2
11,-11,19,0,2
11,-11,18,1,2
11,-11,32,3,2
11,-11,31,1,2
11,-11,9,0,2
11,-11,12,1,2
11,-11,26,3,2
11,-11,25,2,2
11,-11,11,3,2
11,-11,12,2,2
11,-11,21,2,2
11,-11,7,3,2
11,12,2,3,2
11,12,1,1,2
11,12,8,1,2
11,12,22,2,2
11,12,26,3,4
11,-12,27,1,4
11,-12,15,3,4
11,-12,16,1,4
11,-12,23,1,4
11,-12,7,3,4
11,13,4,3,4
11,13,3,2,4
11,13,8,1,4
11,13,22,2,4
11,13,26,3,2
11,-13,31,1,2
11,-13,9,2,2
11,-13,1,3,2
11,14,2,3,2
11,14,1,1,2
11,14,8,1,2
11,14,22,2,2
11,14,26,3,2
11,-14,25,1,2
11,-14,21,3,2
11,-14,22,1,2
11,-14,11,0,2
11,-14,10,2,2
11,-14,32,3,2
11,-14,31,1,2
11,-14,9,0,2
11,-14,12,2,2
11,-14,21,0,2
11,-14,24,1,2
11,-14,28,3,2
11,-14,27,1,2
11,-14,15,2,2
11,-14,3,3,2
11,15,2,3,2
11,15,1,2,2
11,15,6,1,2
11,15,20,2,2
11,15,30,3,2
11,15,29,1,2
11,15,19,2,2
11,15,5,0,2
11,15,8,1,2
11,15,22,2,2
11,15,26,3,2
12,1,4,3,2
12,1,3,1,2
12,1,6,2,2
12,1,18,1,2
12,1,32,3,2
12,1,31,2,2
12,1,17,0,2
12,1,20,2,2
12,1,30,3,2
12,1,29,1,2
12,1,19,0,2
12,1,18,1,2
12,1,32,3,2
12,1,31,2,2
12,1,17,1,2
12,1,5,0,2
12,1,8,1,2
12,1,22,2,2
12,1,26,3,2
12,-1,25,2,2
12,-1,11,1,2
12,-1,1,3,2
12,2,2,3,2
12,2,1,1,2
12,2,8,1,2
12,2,22,2,2
12,2,26,3,2
12,-2,25,2,2
12,-2,11,1,2
12,-2,1,3,2
12,3,2,3,2
12,3,1,1,2
12,3,8,1,2
12,3,22,2,2
12,3,26,3,4
12,-3,25,1,4
12,-3,21,0,4
12,-3,24,1,4
12,-3,28,3,4
12,-3,27,1,4
12,-3,15,2,4
12,-3,3,3,4
12,4,4,3,4
12,4,3,2,4
12,4,8,1,4
12,4,22,2,4
12,4,26,3,4
12,-4,25,2,4
12,-4,11,0,4
12,-4,10,2,4
12,-4,32,3,4
12,-4,31,2,4
12,-4,17,0,4
12,-4,20,2,4
12,-4,30,3,4
12,-4,29,2,4
12,-4,13,1,4
12,-4,3,3,4
12,5,4,3,4
12,5,3,2,4
12,5,8,1,4
12,5,22,2,4
12,5,26,3,2
12,-5,25,2,2
12,-5,11,1,2
12,-5,1,3,2
12,6,2,3,2
12,6,1,2,2
12,6,6,2,2
12,6,18,1,2
12,6,32,3,2
12,6,31,2,2
12,6,17,1,2
12,6,5,0,2
12,6,8,1,2
12,6,22,2,2
12,6,26,3,4
12,-6,25,1,4
12,-6,21,0,4
12,-6,24,1,4
12,-6,28,3,4
12,-6,27,1,4
12,-6,15,2,4
12,-6,3,3,4
12,7,4,3,4
12,7,3,2,4
12,7,8,1,4
12,7,22,2,4
12,7,26,3,2
12,-7,25,1,2
12,-7,21,3,2
12,-7,22,1,2
12,-7,11,1,2
12,-7,1,3,2
12,8,2,3,2
12,8,1,1,2
12,8,8,1,2
12,8,22,2,2
12,8,26,3,2
12,-8,25,1,2
12,-8,21,3,2
12,-8,22,1,2
12,-8,11,1,2
12,-8,1,3,2
12,9,2,3,2
12,9,1,1,2
12,9,8,1,2
12,9,22,2,2
12,9,26,3,4
12,-9,25,1,4
12,-9,21,0,4
12,-9,24,1,4
12,-9,28,3,4
12,-9,27,1,4
12,-9,15,2,4
12,-9,3,3,4
12,10,4,3,4
12,10,3,2,4
12,10,8,1,4
12,10,22,2,4
12,10,26,3,4
12,-10,25,2,4
12,-10,11,0,4
12,-10,10,2,4
12,-10,32,3,4
12,-10,31,2,4
12,-10,17,0,4
12,-10,20,2,4
12,-10,30,3,4
12,-10,29,1,4
12,-10,19,3,4
12,-10,20,1,4
12,-10,13,1,4
12,-10,3,3,4
12,11,4,3,4
12,11,3,2,4
12,11,8,1,4
12,11,22,2,4
12,11,26,3,2
12,-11,25,2,2
12,-11,11,1,2
12,-11,1,3,2
12,12,2,3,2
12,12,1,1,2
12,12,8,1,2
12,12,22,2,2
12,12,26,3,4
12,-12,25,1,4
12,-12,21,0,4
12,-12,24,1,4
12,-12,28,3,4
12,-12,27,1,4
12,-12,15,2,4
12,-12,3,3,4
12,13,4,3,4
12,13,3,2,4
12,13,8,1,4
12,13,22,2,4
12,13,26,3,2
12,-13,25,2,2
12,-13,11,1,2
12,-13,1,3,2
12,14,2,3,2
12,14,1,1,2
12,14,8,1,2
12,14,22,2,2
12,14,26,3,2
12,-14,25,1,2
12,-14,21,3,2
12,-14,22,1,2
12,-14,11,1,2
12,-14,1,3,2
12,15,2,3,2
12,15,1,1,2
12,15,8,1,2
12,15,22,2,2
12,15,26,3,4
12,-15,25,2,4
12,-15,11,0,4
12,-15,10,2,4
12,-15,32,3,4
12,-15,31,2,4
12,-15,17,0,4
12,-15,20,1,4
12,-15,13,1,4
12,-15,3,3,4
12,16,4,3,4
12,16,3,2,4
12,16,8,1,4
12,16,22,2,4
12,16,26,3,4
12,-16,25,2,4
12,-16,11,0,4
12,-16,10,1,4
12,-16,17,0,4
12,-16,20,1,4
12,-16,13,3,4
12,-16,14,1,4
12,-16,30,3,4
12,-16,29,1,4
12,-16,19,3,4
12,-16,20,1,4
12,-16,13,1,4
12,-16,3,3,4
12,17,4,3,4
12,17,3,1,4
12,17,6,2,4
12,17,18,3,4
12,17,17,1,4
12,17,5,0,4
12,17,8,1,4
12,17,22,2,4
12,17,26,3,4
12,17,25,1,4
12,17,21,0,4
12,17,24,1,4
12,17,28,3,4
12,17,27,1,4
12,17,15,3,4
12,17,16,1,4
12,17,23,1,4
12,17,7,0,4
12,17,6,1,4
12,17,20,2,4
12,17,30,3,2
12,-17,29,2,2
12,-17,13,0,2
12,-17,16,1,2
12,-17,23,3,2
12,-17,24,1,2
12,-17,28,3,2
12,-17,27,2,2
12,-17,23,0,2
12,-17,22,2,2
12,-17,26,3,2
12,-17,25,2,2
12,-17,11,1,2
12,-17,1,3,2
12,18,2,3,2
12,18,1,1,2
12,18,8,1,2
12,18,22,2,2
12,18,26,3,2
12,18,25,1,2
12,18,21,0,2
12,18,24,1,2
12,18,28,3,2
12,18,27,1,2
12,18,15,3,2
12,18,16,1,2
12,18,23,1,2
12,18,7,0,2
12,18,6,2,2
12,18,18,1,2
12,18,32,3,2
12,18,31,2,2
12,18,17,0,2
12,18,20,2,2
12,18,30,3,4
12,-18,29,2,4
12,-18,13,1,4
12,-18,3,3,4
12,19,4,3,4
12,19,3,2,4
12,19,8,1,4
12,19,22,2,4
12,19,26,3,4
12,19,25,1,4
12,19,21,2,4
12,19,7,0,4
12,19,6,1,4
12,19,20,2,4
12,19,30,3,2
12,-19,29,1,2
12,-19,19,0,2
12,-19,18,1,2
12,-19,32,3,2
12,-19,31,1,2
12,-19,9,3,2
12,-19,10,2,2
12,-19,32,3,2
12,-19,31,2,2
12,-19,17,3,2
12,-19,18,2,2
12,-19,9,2,2
12,-19,1,3,2
12,20,2,3,2
12,20,1,1,2
12,20,8,1,2
12,20,22,2,2
12,20,26,3,2
12,20,25,1,2
12,20,21,2,2
12,20,7,0,2
12,20,6,1,2
12,20,20,2,2
12,20,30,3,4
12,-20,29,1,4
12,-20,19,3,4
12,-20,20,2,4
12,-20,30,3,4
12,-20,29,2,4
12,-20,13,1,4
12,-20,3,3,4
12,21,4,3,4
12,21,3,2,4
12,21,8,1,4
12,21,22,2,4
12,21,26,3,4
12,21,25,1,4
12,21,21,0,4
12,21,24,1,4
12,21,28,3,4
12,21,27,2,4
12,21,23,1,4
12,21,7,0,4
12,21,6,2,4
12,21,18,1,4
12,21,32,3,4
12,21,31,1,4
12,21,9,3,4
12,21,10,1,4
12,21,17,0,4
12,21,20,2,4
12,21,30,3,2
12,-21,29,1,2
12,-21,19,0,2
12,-21,18,1,2
12,-21,32,3,2
12,-21,31,1,2
12,-21,9,3,2
12,-21,10,1,2
12,-21,17,3,2
12,-21,18,2,2
12,-21,9,2,2
12,-21,1,3,2
12,22,2,3,2
12,22,1,1,2
12,22,8,1,2
12,22,22,2,2
12,22,26,3,2
12,22,25,1,2
12,22,21,0,2
12,22,24,1,2
12,22,28,3,2
12,22,27,2,2
12,22,23,0,2
12,22,22,2,2
12,22,26,3,2
12,22,25,1,2
12,22,21,0,2
12,22,24,1,2
12,22,28,3,2
12,22,27,2,2
12,22,23,1,2
12,22,7,0,2
12,22,6,2,2
12,22,18,1,2
12,22,32,3,2
12,22,31,2,2
12,22,17,0,2
12,22,20,2,2
12,22,30,3,2
12,-22,29,1,2
12,-22,19,0,2
12,-22,18,2,2
12,-22,9,3,2
12,-22,10,1,2
12,-22,17,3,2
12,-22,18,2,2
12,-22,9,2,2
12,-22,1,3,2
12,23,2,3,2
12,23,1,2,2
12,23,6,1,2
12,23,20,2,2
12,23,30,3,4
12,-23,29,2,4
12,-23,13,1,4
12,-23,3,3,4
12,24,4,3,4
12,24,3,1,4
12,24,6,1,4
12,24,20,2,4
12,24,30,3,2
12,-24,29,2,2
12,-24,13,3,2
12,-24,14,1,2
12,-24,30,3,2
12,-24,29,2,2
12,-24,13,0,2
12,-24,16,2,2
12,-24,28,3,2
12,-24,27,2,2
12,-24,23,0,2
12,-24,22,2,2
12,-24,26,3,2
12,-24,25,2,2
12,-24,11,1,2
12,-24,1,3,2
12,25,2,3,2
12,25,1,1,2
12,25,8,1,2
12,25,22,2,2
12,25,26,3,2
12,25,25,1,2
12,25,21,0,2
12,25,24,1,2
12,25,28,3,2
12,25,27,2,2
12,25,23,0,2
12,25,22,2,2
12,25,26,3,2
12,25,25,1,2
12,25,21,0,2
12,25,24,3,2
12,25,23,0,2
12,25,22,2,2
12,25,26,3,2
12,25,25,2,2
12,25,11,3,2
12,25,12,2,2
12,25,21,0,2
12,25,24,1,2
12,25,28,3,2
12,25,27,2,2
12,25,23,1,2
12,25,7,0,2
12,25,6,1,2
12,25,20,2,2
12,25,30,3,4
12,-25,29,1,4
12,-25,19,3,4
12,-25,20,1,4
12,-25,13,1,4
12,-25,3,3,4
12,26,4,3,4
12,26,3,2,4
12,26,8,1,4
12,26,22,2,4
12,26,26,3,4
12,26,25,1,4
12,26,21,0,4
12,26,24,1,4
12,26,28,3,4
12,26,27,2,4
12,26,23,1,4
12,26,7,0,4
12,26,6,1,4
12,26,20,2,4
12,26,30,3,2
12,-26,29,2,2
12,-26,13,0,2
12,-26,16,2,2
12,-26,28,3,2
12,-26,27,2,2
12,-26,23,0,2
12,-26,22,2,2
12,-26,26,3,2
12,-26,25,2,2
12,-26,11,1,2
12,-26,1,3,2
12,27,2,3,2
12,27,1,2,2
12,27,6,1,2
12,27,20,2,2
12,27,30,3,4
12,-27,29,2,4
12,-27,13,1,4
12,-27,3,3,4
12,28,4,3,4
12,28,3,2,4
12,28,8,1,4
12,28,22,2,4
12,28,26,3,4
12,28,25,2,4
12,28,11,3,4
12,28,12,1,4
12,28,26,3,4
12,28,25,1,4
12,28,21,2,4
12,28,7,0,4
12,28,6,1,4
12,28,20,2,4
12,28,30,3,4
12,-28,29,1,4
12,-28,19,3,4
12,-28,20,1,4
12,-28,13,1,4
12,-28,3,3,4
12,29,4,3,4
12,29,3,2,4
12,29,8,1,4
12,29,22,2,4
12,29,26,3,4
12,29,25,1,4
12,29,21,0,4
12,29,24,1,4
12,29,28,3,4
12,29,27,2,4
12,29,23,0,4
12,29,22,2,4
12,29,26,3,4
12,29,25,1,4
12,29,21,2,4
12,29,7,0,4
12,29,6,1,4
12,29,20,2,4
12,29,30,3,2
12,-29,29,1,2
12,-29,19,0,2
12,-29,18,1,2
12,-29,32,3,2
12,-29,31,1,2
12,-29,9,2,2
12,-29,1,3,2
12,30,2,3,2
12,30,1,2,2
12,30,6,1,2
12,30,20,2,2
12,30,30,3,2
12,-30,29,2,2
12,-30,13,0,2
12,-30,16,2,2
12,-30,28,3,2
12,-30,27,2,2
12,-30,23,0,2
12,-30,22,2,2
12,-30,26,3,2
12,-30,25,2,2
12,-30,11,1,2
12,-30,1,3,2
12,31,2,3,2
12,31,1,1,2
12,31,8,1,2
12,31,22,2,2
12,31,26,3,2
12,31,25,1,2
12,31,21,2,2
12,31,7,0,2
12,31,6,2,2
12,31,18,1,2
12,31,32,3,2
12,31,31,2,2
12,31,17,0,2
12,31,20,2,2
12,31,30,3,4
12,-31,29,1,4
12,-31,19,3,4
12,-31,20,1,4
12,-31,13,1,4
12,-31,3,3,4
12,32,4,3,4
12,32,3,2,4
12,32,8,1,4
12,32,22,2,4
12,32,26,3,4
12,32,25,1,4
12,32,21,2,4
12,32,7,0,4
12,32,6,1,4
12,32,20,2,4
12,32,30,3,2
12,-32,29,1,2
12,-32,19,0,2
12,-32,18,2,2
12,-32,9,2,2
12,-32,1,3,2
12,33,2,3,2
12,33,1,1,2
12,33,8,1,2
12,33,22,2,2
12,33,26,3,2
12,33,25,1,2
12,33,21,2,2
12,33,7,0,2
12,33,6,1,2
12,33,20,2,2
12,33,30,3,4
12,-33,29,2,4
12,-33,13,1,4
12,-33,3,3,4
12,34,4,3,4
12,34,3,2,4
12,34,8,1,4
12,34,22,2,4
12,34,26,3,4
12,34,25,1,4
12,34,21,0,4
12,34,24,1,4
12,34,28,3,4
12,34,27,2,4
12,34,23,0,4
12,34,22,1,4
12,34,11,3,4
12,34,12,2,4
12,34,21,2,4
12,34,7,0,4
12,34,6,1,4
12,34,20,2,4
12,34,30,3,2
12,-34,29,1,2
12,-34,19,0,2
12,-34,18,2,2
12,-34,9,2,2
12,-34,1,3,2
12,35,2,3,2
12,35,1,1,2
12,35,8,1,2
12,35,22,2,2
12,35,26,3,2
12,35,25,1,2
12,35,21,2,2
12,35,7,0,2
12,35,6,1,2
12,35,20,2,2
12,35,30,3,4
12,-35,29,1,4
12,-35,19,3,4
12,-35,20,1,4
12,-35,13,1,4
12,-35,3,3,4
12,36,4,3,4
12,36,3,2,4
12,36,8,1,4
12,36,22,2,4
12,36,26,3,4
12,36,25,1,4
12,36,21,2,4
12,36,7,0,4
12,36,6,1,4
12,36,20,2,4
12,36,30,3,4
12,-36,29,1,4
12,-36,19,3,4
12,-36,20,1,4
12,-36,13,1,4
12,-36,3,3,4
12,37,4,3,4
12,37,3,2,4
12,37,8,1,4
12,37,22,2,4
12,37,26,3,4
12,37,25,1,4
12,37,21,2,4
12,37,7,0,4
12,37,6,1,4
12,37,20,2,4
12,37,30,3,2
12,-37,29,1,2
12,-37,19,0,2
12,-37,18,1,2
12,-37,32,3,2
12,-37,31,2,2
12,-37,17,3,2
12,-37,18,1,2
12,-37,32,3,2
12,-37,31,1,2
12,-37,9,3,2
12,-37,10,2,2
12,-37,32,3,2
12,-37,31,2,2
12,-37,17,3,2
12,-37,18,2,2
12,-37,9,2,2
12,-37,1,3,2
12,38,2,3,2
12,38,1,1,2
12,38,8,1,2
12,38,22,2,2
12,38,26,3,2
12,38,25,1,2
12,38,21,2,2
12,38,7,0,2
12,38,6,1,2
12,38,20,2,2
12,38,30,3,4
12,-38,29,2,4
12,-38,13,1,4
12,-38,3,3,4
12,39,4,3,4
12,39,3,2,4
12,39,8,1,4
12,39,22,2,4
12,39,26,3,4
12,39,25,1,4
12,39,21,2,4
12,39,7,0,4
12,39,6,1,4
12,39,20,2,4
12,39,30,3,2
12,-39,29,1,2
12,-39,19,0,2
12,-39,18,1,2
12,-39,32,3,2
12,-39,31,1,2
12,-39,9,2,2
12,-39,1,3,2
12,40,2,3,2
12,40,1,1,2
12,40,8,2,2
12,40,24,1,2
12,40,28,3,2
12,40,27,2,2
12,40,23,0,2
12,40,22,2,2
12,40,26,3,2
12,40,25,1,2
12,40,21,2,2
12,40,7,0,2
12,40,6,1,2
12,40,20,2,2
12,40,30,3,2
12,-40,29,2,2
12,-40,13,0,2
12,-40,16,1,2
12,-40,23,0,2
12,-40,22,1,2
12,-40,11,1,2
12,-40,1,3,2
12,41,2,3,2
12,41,1,1,2
12,41,8,1,2
12,41,22,2,2
12,41,26,3,2
12,41,25,1,2
12,41,21,2,2
12,41,7,0,2
12,41,6,1,2
12,41,20,2,2
12,41,30,3,2
12,-41,29,2,2
12,-41,13,0,2
12,-41,16,1,2
12,-41,23,0,2
12,-41,22,1,2
12,-41,11,1,2
12,-41,1,3,2
12,42,2,3,2
12,42,1,1,2
12,42,8,1,2
12,42,22,2,2
12,42,26,3,2
12,42,25,1,2
12,42,21,2,2
12,42,7,0,2
12,42,6,1,2
12,42,20,2,2
12,42,30,3,4
12,-42,29,2,4
12,-42,13,1,4
12,-42,3,3,4
12,43,4,3,4
12,43,3,2,4
12,43,8,1,4
12,43,22,2,4
12,43,26,3,4
12,43,25,1,4
12,43,21,2,4
12,43,7,0,4
12,43,6,1,4
12,43,20,2,4
12,43,30,3,2
12,-43,29,2,2
12,-43,13,0,2
12,-43,16,1,2
12,-43,23,0,2
12,-43,22,1,2
12,-43,11,1,2
12,-43,1,3,2
12,44,2,3,2
12,44,1,1,2
12,44,8,1,2
12,44,22,2,2
12,44,26,3,2
12,44,25,1,2
12,44,21,0,2
12,44,24,3,2
12,44,23,1,2
12,44,7,0,2
12,44,6,2,2
12,44,18,1,2
12,44,32,3,2
12,44,31,2,2
12,44,17,0,2
12,44,20,2,2
12,44,30,3,4
12,-44,29,2,4
12,-44,13,1,4
12,-44,3,3,4
12,45,4,3,4
12,45,3,2,4
12,45,8,1,4
12,45,22,2,4
12,45,26,3,4
12,45,25,1,4
12,45,21,2,4
12,45,7,0,4
12,45,6,1,4
12,45,20,2,4
12,45,30,3,2
12,-45,29,2,2
12,-45,13,0,2
12,-45,16,2,2
12,-45,28,3,2
12,-45,27,2,2
12,-45,23,0,2
12,-45,22,2,2
12,-45,26,3,2
12,-45,25,2,2
12,-45,11,1,2
12,-45,1,3,2
12,46,2,3,2
12,46,1,1,2
12,46,8,1,2
12,46,22,2,2
12,46,26,3,2
12,46,25,1,2
12,46,21,2,2
12,46,7,0,2
12,46,6,1,2
12,46,20,2,2
12,46,30,3,4
12,-46,29,2,4
12,-46,13,1,4
12,-46,3,3,4
12,47,4,3,4
12,47,3,2,4
12,47,8,1,4
12,47,22,2,4
12,47,26,3,4
12,47,25,1,4
12,47,21,2,4
12,47,7,0,4
12,47,6,1,4
12,47,20,2,4
12,47,30,3,4
12,-47,29,2,4
12,-47,13,1,4
12,-47,3,3,4
12,48,4,3,4
12,48,3,2,4
12,48,8,1,4
12,48,22,2,4
12,48,26,3,4
12,48,25,1,4
12,48,21,2,4
12,48,7,0,4
12,48,6,1,4
12,48,20,2,4
12,48,30,3,2
12,-48,29,2,2
12,-48,13,0,2
12,-48,16,1,2
12,-48,23,0,2
12,-48,22,1,2
12,-48,11,3,2
12,-48,12,2,2
12,-48,21,3,2
12,-48,22,1,2
12,-48,11,1,2
12,-48,1,3,2
12,49,2,3,2
12,49,1,1,2
12,49,8,1,2
12,49,22,2,2
12,49,26,3,2
12,49,25,1,2
12,49,21,2,2
12,49,7,0,2
12,49,6,1,2
12,49,20,2,2
12,49,30,3,4
12,-49,29,1,4
12,-49,19,3,4
12,-49,20,1,4
12,-49,13,1,4
12,-49,3,3,4
12,50,4,3,4
12,50,3,2,4
12,50,8,1,4
12,50,22,2,4
12,50,26,3,4
12,50,25,1,4
12,50,21,2,4
12,50,7,0,4
12,50,6,1,4
12,50,20,2,4
12,50,30,3,2
12,-50,29,1,2
12,-50,19,0,2
12,-50,18,1,2
12,-50,32,3,2
12,-50,31,2,2
12,-50,17,3,2
12,-50,18,2,2
12,-50,9,2,2
12,-50,1,3,2
12,51,2,3,2
12,51,1,2,2
12,51,6,1,2
12,51,20,2,2
12,51,30,3,4
12,-51,29,2,4
12,-51,13,1,4
12,-51,3,3,4
12,52,4,3,4
12,52,3,2,4
12,52,8,1,4
12,52,22,2,4
12,52,26,3,4
12,52,25,1,4
12,52,21,2,4
12,52,7,0,4
12,52,6,1,4
12,52,20,2,4
12,52,30,3,4
12,-52,29,1,4
12,-52,19,3,4
12,-52,20,1,4
12,-52,13,1,4
12,-52,3,3,4
12,53,4,3,4
12,53,3,2,4
12,53,8,1,4
12,53,22,2,4
12,53,26,3,4
12,53,25,1,4
12,53,21,2,4
12,53,7,0,4
12,53,6,1,4
12,53,20,2,4
12,53,30,3,2
12,-53,29,1,2
12,-53,19,0,2
12,-53,18,1,2
12,-53,32,3,2
12,-53,31,1,2
12,-53,9,2,2
12,-53,1,3,2
12,54,2,3,2
12,54,1,1,2
12,54,8,2,2
12,54,24,1,2
12,54,28,3,2
12,54,27,2,2
12,54,23,0,2
12,54,22,2,2
12,54,26,3,2
12,54,25,1,2
12,54,21,2,2
12,54,7,0,2
12,54,6,1,2
12,54,20,2,2
12,54,30,3,2
12,-54,29,2,2
12,-54,13,0,2
12,-54,16,2,2
12,-54,28,3,2
12,-54,27,2,2
12,-54,23,0,2
12,-54,22,2,2
12,-54,26,3,2
12,-54,25,2,2
12,-54,11,1,2
12,-54,1,3,2
12,55,2,3,2
12,55,1,1,2
12,55,8,1,2
12,55,22,2,2
12,55,26,3,2
12,55,25,1,2
12,55,21,2,2
12,55,7,0,2
12,55,6,1,2
12,55,20,2,2
12,55,30,3,4
12,-55,29,2,4
12,-55,13,1,4
12,-55,3,3,4
12,56,4,3,4
12,56,3,2,4
12,56,8,1,4
12,56,22,2,4
12,56,26,3,4
12,56,25,1,4
12,56,21,2,4
12,56,7,0,4
12,56,6,1,4
12,56,20,2,4
12,56,30,3,2
12,-56,29,2,2
12,-56,13,0,2
12,-56,16,1,2
12,-56,23,0,2
12,-56,22,2,2
12,-56,26,3,2
12,-56,25,2,2
12,-56,11,1,2
12,-56,1,3,2
12,57,2,3,2
12,57,1,1,2
12,57,8,2,2
12,57,24,1,2
12,57,28,3,2
12,57,27,2,2
12,57,23,0,2
12,57,22,3,2
12,57,21,2,2
12,57,7,0,2
12,57,6,1,2
12,57,20,2,2
12,57,30,3,4
12,-57,29,1,4
12,-57,19,3,4
12,-57,20,1,4
12,-57,13,1,4
12,-57,3,3,4
12,58,4,3,4
12,58,3,2,4
12,58,8,1,4
12,58,22,2,4
12,58,26,3,4
12,58,25,1,4
12,58,21,2,4
12,58,7,0,4
12,58,6,1,4
12,58,20,2,4
12,58,30,3,2
12,-58,29,1,2
12,-58,19,0,2
12,-58,18,2,2
12,-58,9,2,2
12,-58,1,3,2
12,59,2,3,2
12,59,1,1,2
12,59,8,1,2
12,59,22,2,2
12,59,26,3,2
12,59,25,1,2
12,59,21,2,2
12,59,7,0,2
12,59,6,1,2
12,59,20,2,2
12,59,30,3,2
12,-59,29,2,2
12,-59,13,0,2
12,-59,16,1,2
12,-59,23,0,2
12,-59,22,1,2
12,-59,11,1,2
12,-59,1,3,2
12,60,2,3,2
12,60,1,2,2
12,60,6,1,2
12,60,20,2,2
12,60,30,3,4
12,-60,29,2,4
12,-60,13,1,4
12,-60,3,3,4
12,61,4,3,4
12,61,3,2,4
12,61,8,1,4
12,61,22,2,4
12,61,26,3,4
12,61,25,1,4
12,61,21,2,4
12,61,7,0,4
12,61,6,1,4
12,61,20,2,4
12,61,30,3,2
12,-61,29,2,2
12,-61,13,0,2
12,-61,16,2,2
12,-61,28,3,2
12,-61,27,2,2
12,-61,23,0,2
12,-61,22,1,2
12,-61,11,1,2
12,-61,1,3,2
12,62,2,3,2
12,62,1,1,2
12,62,8,2,2
12,62,24,1,2
12,62,28,3,2
12,62,27,2,2
12,62,23,0,2
12,62,22,2,2
12,62,26,3,2
12,62,25,1,2
12,62,21,2,2
12,62,7,0,2
12,62,6,1,2
12,62,20,2,2
12,62,30,3,4
12,-62,29,1,4
12,-62,19,3,4
12,-62,20,1,4
12,-62,13,1,4
12,-62,3,3,4
12,63,4,3,4
12,63,3,2,4
12,63,8,1,4
12,63,22,2,4
12,63,26,3,4
12,63,25,1,4
12,63,21,2,4
12,63,7,0,4
12,63,6,1,4
12,63,20,2,4
12,63,30,3,4
12,-63,29,1,4
12,-63,19,3,4
12,-63,20,2,4
12,-63,30,3,4
12,-63,29,2,4
12,-63,13,1,4
12,-63,3,3,4
12,64,4,3,4
12,64,3,2,4
12,64,8,1,4
12,64,22,2,4
12,64,26,3,4
12,64,25,1,4
12,64,21,2,4
12,64,7,0,4
12,64,6,1,4
12,64,20,2,4
12,64,30,3,2
12,-64,29,1,2
12,-64,19,0,2
12,-64,18,2,2
12,-64,9,2,2
12,-64,1,3,2
12,65,2,3,2
12,65,1,1,2
12,65,8,2,2
12,65,24,1,2
12,65,28,3,2
12,65,27,2,2
12,65,23,0,2
12,65,22,3,2
12,65,21,0,2
12,65,24,3,2
12,65,23,1,2
12,65,7,0,2
12,65,6,2,2
12,65,18,1,2
12,65,32,3,2
12,65,31,1,2
12,65,9,3,2
12,65,10,1,2
12,65,17,0,2
12,65,20,2,2
12,65,30,3,2
12,-65,29,2,2
12,-65,13,0,2
12,-65,16,1,2
12,-65,23,0,2
12,-65,22,1,2
12,-65,11,1,2
12,-65,1,3,2
12,66,2,3,2
12,66,1,1,2
12,66,8,1,2
12,66,22,2,2
12,66,26,3,2
12,66,25,1,2
12,66,21,2,2
12,66,7,0,2
12,66,6,1,2
12,66,20,2,2
12,66,30,3,4
12,-66,29,1,4
12,-66,19,3,4
12,-66,20,1,4
12,-66,13,1,4
12,-66,3,3,4
12,67,4,3,4
12,67,3,2,4
12,67,8,1,4
12,67,22,2,4
12,67,26,3,4
12,67,25,1,4
12,67,21,2,4
12,67,7,0,4
12,67,6,1,4
12,67,20,2,4
12,67,30,3,2
12,-67,29,2,2
12,-67,13,0,2
12,-67,16,2,2
12,-67,28,3,2
12,-67,27,2,2
12,-67,23,0,2
12,-67,22,2,2
12,-67,26,3,2
12,-67,25,2,2
12,-67,11,1,2
12,-67,1,3,2
12,68,2,3,2
12,68,1,2,2
12,68,6,1,2
12,68,20,2,2
12,68,30,3,4
12,-68,29,2,4
12,-68,13,1,4
12,-68,3,3,4
12,69,4,3,4
12,69,3,2,4
12,69,8,1,4
12,69,22,2,4
12,69,26,3,4
12,69,25,1,4
12,69,21,2,4
12,69,7,0,4
12,69,6,1,4
12,69,20,2,4
12,69,30,3,2
12,-69,29,1,2
12,-69,19,0,2
12,-69,18,2,2
12,-69,9,3,2
12,-69,10,1,2
12,-69,17,3,2
12,-69,18,2,2
12,-69,9,2,2
12,-69,1,3,2
12,70,2,3,2
12,70,1,2,2
12,70,6,1,2
12,70,20,2,2
12,70,30,3,4
12,-70,29,1,4
12,-70,19,3,4
12,-70,20,1,4
12,-70,13,1,4
12,-70,3,3,4
12,71,4,3,4
12,71,3,2,4
12,71,8,2,4
12,71,24,1,4
12,71,28,3,4
12,71,27,2,4
12,71,23,0,4
12,71,22,2,4
12,71,26,3,4
12,71,25,1,4
12,71,21,2,4
12,71,7,0,4
12,71,6,1,4
12,71,20,2,4
12,71,30,3,4
12,-71,29,2,4
12,-71,13,1,4
12,-71,3,3,4
12,72,4,3,4
12,72,3,2,4
12,72,8,1,4
12,72,22,2,4
12,72,26,3,4
12,72,25,1,4
12,72,21,2,4
12,72,7,0,4
12,72,6,1,4
12,72,20,2,4
12,72,30,3,2
12,-72,29,1,2
12,-72,19,0,2
12,-72,18,1,2
12,-72,32,3,2
12,-72,31,2,2
12,-72,17,3,2
12,-72,18,2,2
12,-72,9,2,2
12,-72,1,3,2
12,73,2,3,2
12,73,1,1,2
12,73,8,2,2
12,73,24,3,2
12,73,23,1,2
12,73,7,0,2
12,73,6,1,2
12,73,20,2,2
12,73,30,3,4
12,-73,29,2,4
12,-73,13,1,4
12,-73,3,3,4
12,74,4,3,4
12,74,3,2,4
12,74,8,2,4
12,74,24,1,4
12,74,28,3,4
12,74,27,2,4
12,74,23,0,4
12,74,22,2,4
12,74,26,3,4
12,74,25,1,4
12,74,21,2,4
12,74,7,0,4
12,74,6,1,4
12,74,20,2,4
12,74,30,3,4
12,-74,29,2,4
12,-74,13,1,4
12,-74,3,3,4
12,75,4,3,4
12,75,3,2,4
12,75,8,1,4
12,75,22,2,4
12,75,26,3,4
12,75,25,1,4
12,75,21,2,4
12,75,7,0,4
12,75,6,1,4
12,75,20,2,4
12,75,30,3,4
12,-75,29,1,4
12,-75,19,3,4
12,-75,20,1,4
12,-75,13,1,4
12,-75,3,3,4
12,76,4,3,4
12,76,3,2,4
12,76,8,1,4
12,76,22,2,4
12,76,26,3,4
12,76,25,1,4
12,76,21,2,4
12,76,7,0,4
12,76,6,1,4
12,76,20,2,4
12,76,30,3,2
12,-76,29,1,2
12,-76,19,0,2
12,-76,18,1,2
12,-76,32,3,2
12,-76,31,1,2
12,-76,9,3,2
12,-76,10,1,2
12,-76,17,3,2
12,-76,18,2,2
12,-76,9,2,2
12,-76,1,3,2
12,77,2,3,2
12,77,1,2,2
12,77,6,1,2
12,77,20,2,2
12,77,30,3,4
12,-77,29,2,4
12,-77,13,1,4
12,-77,3,3,4
12,78,4,3,4
12,78,3,2,4
12,78,8,1,4
12,78,22,2,4
12,78,26,3,4
12,78,25,1,4
12,78,21,2,4
12,78,7,0,4
12,78,6,1,4
12,78,20,2,4
12,78,30,3,2
12,-78,29,1,2
12,-78,19,0,2
12,-78,18,2,2
12,-78,9,2,2
12,-78,1,3,2
12,79,2,3,2
12,79,1,1,2
12,79,8,3,2
12,79,7,0,2
12,79,6,1,2
12,79,20,2,2
12,79,30,3,2
12,-79,29,1,2
12,-79,19,0,2
12,-79,18,1,2
12,-79,32,3,2
12,-79,31,2,2
12,-79,17,3,2
12,-79,18,2,2
12,-79,9,2,2
12,-79,1,3,2
12,80,2,3,2
12,80,1,2,2
12,80,6,1,2
12,80,20,2,2
12,80,30,3,2
